Ryan Swan,3
Keaton Van Soelen,4
Lavelle Scottie,16
James Karnik,21
Arthur Johnson,1
Tahjai Teague,31
Zach Gunn,1
D.J. McCall,25
Tristan Clark,30
Jaime Echenique,16
Markis McDuffie,8
Erik Stevenson,2
Dylan Windler,22
Nick Muszynski,26
Manny Patterson,2
RJ Williams,22
D.J. Foreman,14
Fred Thatch Jr.,3
Jerrick Harding,3
Zach Braxton,31
Yoeli Childs,41
Nate Grimes,32
Malik Fitts,13
Connor Vanover,16
Justice Sueing,9
Jordan Hunter,10
Matthias Tass,6
Ahmed Hill,21
Nickeil Alexander-Walker,12
Milos Supica,11
Jarrell Brantley,22
Willie Jackson,18
Luke Knapke,11
J.D. Paige,5
Tyler Bey,48
Shane Gatling,4
Stanley Umude,11
Tyler Peterson,3
Kellan Grady,9
Carter Collins,3
Ameer Bennett,6
Amadi Ikpeze,1
Osun Osunniyi,32
Courtney Stockard,8
Tory Stewart-Miller,11
Keve Aluma,17
Cameron Bowles,11
Brandonn Kamga,7
Ty Groce,8
Boubacar Toure,45
Elijah Minnie,20
Andre Rafus Jr.,1
Jordan Roland,6
Anthony Green,67
James Thompson IV,37
Myles Carter,19
John Emezie,4
Jehyve Floyd,35
Xzavier Malone-Key,9
Mike Holloway Jr.,24
Elyjah Williams,16
Kaleb Bishop,18
DJ Jones,5
Trhae Mitchell,19
Josh Ajayi,27
Rodrick Sikes,3
Cletrell Pope,28
Jailyn Ingram,3
Pauly Paulicap,1
Warren Williams,23
Chuba Ohams,21
Paul Rowley,1
Greg Calixte,5
Mehkel Harvey,2
Justin Kier,2
Justin Pierce,21
Nathan Knight,38
Myles Stephens,5
Devin Cannady,5
Scottie James,19
Keenan Gumbs,11
Caleb Homesley,16
Jordan Tyson,5
Martin Krampelj,53
Brandon Clarke,56
Rui Hachimura,51
Davion Mintz,4
Marlon Taylor,42
Kavell Bigby-Williams,48
Travon Bunch,9
Sammy Friday IV,5
Robert Baker,9
Manny Camper,6
Kevin Degnan,4
Derric Jean,4
Anthony Duruji,24
Ian DuBose,17
Mubarak Muhammed,3
DaQuan Bracey,2
Filip Rebraca,14
Jared Rodriguez,3
Bentiu Panoam,1
Conner Avants,1
B.J. Stith,7
Ed Morrow,18
Jr. Barry Brown,1
Brendan Bailey,6
Josh Nzeakor,19
Robert Martin,1
Edwin Jeudy,4
Temidayo Yussuf,1
Isaiah Pineiro,15
Sandro Mamukelashvili,13
Michael Nzei,7
Steven Enoch,29
Romaro Gill,15
Myles Cale,7
Isaiah White,28
Samuel Idowu,5
Taevion Kinsey,53
Jason Carter,9
Jarrell Reeves,1
Shamarkus Kennedy,30
Larry McKnight Jr.,15
Raasean Davis,44
Alex Reed,2
Zach Pirog,18
Aleksa Koracin,3
Emmanuel Ejeh,2
Alfred Hollins,3
Tres Tinkle,14
Jarred Dixon,1
Jordan Campbell,1
Sam Ibiezugbe,2
Deion Hammond,3
Bruce Moore,8
Andrew Kostecka,37
Malik Jefferson,12
Brent Holcombe,13
Nana Opoku,14
Derryck Thornton,2
Nick Rakocevic,30
Trey Porter,41
Bennie Boatwright,9
Jordan Caroline,21
David Hall,1
Adam Grant,2
Corey Manigault,5
Dane Kuiper,5
Obadiah Noel,10
San Antonio Brinson,15
C.J. Williamson,10
Philip Whittington,9
Alex Long,16
Jaylin Walker,5
Antonio Williams,15
Wajid Aminu,25
Noah Horchler,20
Ted McCree,4
Zeke Richards,7
Kai Edwards,14
A.J. Banks,13
Justin James,25
Hunter Maldonado,1
Bodie Hume,12
Romeo Langford,10
Dererk Pardon,36
Anthony Gaines,8
A.J. Turner,4
Jordan Lathon,1
Kaosi Ezeagu,11
Nigel Hawkins,5
Zach Hankins,60
Tyrique Jones,59
James Beck,12
Bol Bol,7
Nate Hinton,6
Kenny Wooten,41
Brison Gresham,35
Josh Reaves,23
Lamar Stevens,25
Bruno Fernando,45
Jalen Smith,34
John Harrar,11
Iwin Ellis,8
Mike Davis,2
Tevin Brown,4
Ja Morant,28
Ronald Jackson,19
Matt Haarms,39
Ignas Brazdeikis,14
Jon Teske,39
Abdulai Bundu,9
Jeff Otchere,23
Kalif Young,7
Cyril Langevine,23
Tim Perry Jr.,7
Lamine Diane,58
Mahamadou Kaba-Camara,3
Bryce Fowler,4
Jared Pearre,12
Chibueze Jacobs,2
Chidozie Ndu,4
Kris Bankston,55
Jalen McDaniels,20
Jeremy Hemsley,6
Matt McCarthy,6
Nate Renfro,20
Nick Perkins,17
DJ Laster,22
Jose Perez,2
Nate Johnson,7
Jaylen Alston,1
Romani Hansen,3
Ludovic Dufeal,1
Kajon Brown,6
Shakwon Barrett,2
Kevin Zhang,7
Moses Greenwood,5
Rayshawn Neal,1
Jalyn Hinton,36
Dave Bell,38
Seth Dugan,25
Malik Moore,5
JaKeenan Gant,51
Jerekius Davis,5
Armon Fletcher,9
Kavion Pippen,30
Thik Bol,13
David McFarland,9
Brandon Jackson,17
Udoka Azubuike,33
Marcus Garrett,4
Josh Sharma,55
Trevor Stanback,1
Lagerald Vick,7
Vance Johnson,12
DeAndre Abram,8
RJ Barrett,39
Javin DeLaurier,28
Marques Bolden,33
Zion Williamson,73
Cam Reddish,8
Ricky Gouety,3
Justin Robinson,6
Taylor Funk,2
Justyn Hamilton,14
Stokley Chaffee Jr.,22
Charles Bassey,43
Josh Anderson,29
Micaiah Henry,19
Devocio Butler,5
Romello White,23
Taeshon Cherry,4
Zylan Cheatham,38
Luguentz Dort,35
Trayvon Reed,50
Derrick Bruce,2
De'Quon Lake,25
Alonzo Sule,5
Tariq Owens,52
Mike Parks Jr.,10
Jarrett Culver,27
Jayce Johnson,17
Dominik Olejniczak,15
Terence Davis,14
Breein Tyree,9
Luis Rodriguez,2
Jamel Allen,7
Dylan Carl,10
Jailen Gill,18
Quintin Dove,22
Derek Hawthorne Jr.,4
Reid Travis,20
EJ Montgomery,18
Isaiah Miller,25
Keldon Johnson,16
Andres Ibarguen,6
Jordan Jackson,20
Neemias Queta,45
Dwayne Brown Jr.,7
John Knight III,5
Jonathan Galloway,17
Simisola Shittu,19
DJ Funderburk,28
Clevon Brown,17
Miles Brookins,5
Eric Paschall,33
Phil Booth,5
Jaylen Hoard,12
Olivier Sarr,8
Clay Mounce,14
Brandon Gilbeck,23
Nygal Russell,3
Alex Copeland,6
Miye Oni,23
Jordan Bruner,34
Paul Atkinson,19
Ebuka Izundu,35
Zach Johnson,9
Sagaba Konate,4
Jelani Simmons,9
Esa Ahmad,10
Wesley Harris,6
Andrew Gordon,5
Emmitt Matthews Jr.,10
Jackson Rowe,14
Tareq Coburn,9
Jahlil Tripp,5
KJ Byers,8
Roberto Gallinat,8
Mason Riggins,19
James Baker,9
Malek Green,8
Adrease Jackson,6
Will Emery,4
Jare'l Spellman,19
Jalen Gabbidon,1
Adam Lulka,3
Trey Phills,7
Noah Gurley,13
Andrew Brown,1
Sadarius Bowser,4
Tacko Fall,73
Chad Brown,25
Travis Munnings,6
Andre Washington,6
Joshua Patton,25
KaVaughn Scott,20
JaColby Pemberton,7
Mohamed Bendary,3
Jordan Murphy,32
Daniel Oturu,20
Malik Marquetti,2
Mike Daum,26
Skyler Flatten,34
Jaquan Dotson,12
Alou Dillon,5
Myo Baxter-Bell,3
Brendan Newton,1
Max Curran,10
Brandon Horvath,17
Jermaine Samuels,17
Saddiq Bey,18
Derrick Alston,22
Alex King,3
Nelson Phillips,15
Malik Benlevi,12
Paul Reed,36
Femi Olujobi,16
Anthony Harris,6
Jaylen Butz,23
Jairus Hamilton,8
Patrick Tape,18
Randy Brumant,15
Justin Steers,8
Kyrin Galloway,21
Cedric Council,4
Eddie Davis III,1
Jordan Nwora,28
Malik Williams,13
Tyrn Flowers,11
Miles Latimer,1
Akwasi Yeboah,5
Naz Reid,29
Emmitt Williams,22
Chris Harris Jr.,13
Brion Sanchious,9
Shaq Buchanan,41
Brion Whitley,2
KJ Williams,29
Dimencio Vaughn,4
Ajiri Ogemuno-Johnson,6
Devine Eke,13
Norense Odiase,21
Larry Owens,4
Connor Harding,4
Rylan Bergersen,2
Sal Nuhu,33
Yauhen Massalski,30
Quinton Thomas,2
Shizz Alston Jr.,6
Nate Pierre-Louis,19
Jordan Guest,2
Aaryn Rai,1
Kyle Clarke,1
Isaac Mbuyamba,3
Marcus Weathers,16
Austin Rotroff,6
Wil Sessoms,9
Amir Allen,15
Brandon Austin,13
Robert Allen,15
Damion Rosser,17
Malik Hines,7
Will Robinson,2
Roydell Brown,13
Devon Andrews,12
Isaiah Banks,16
Osasumwen Osaghae,25
Garrett Sams,1
Ethan Happ,14
Devin Gage,6
Rob Howard Jr.,9
Jordan Blount,1
Max Strus,11
Tobi Ewuosho,11
Alexis Yetna,26
Nicolas Claxton,39
Makhtar Gueye,17
Malik Dunbar,14
Chuma Okeke,21
Will Butler,10
Moses Brown,66
Francis Okoro,8
Victor Bailey Jr.,5
Andre Wesson,9
Zac Seljaas,2
Cheikh Mbacke Diong,19
Kuba Niziol,2
Deontaye Buskey,1
Keith Williams,21
Tyson Carter,10
Reggie Perry,21
Luka Brajkovic,21
J.P. Moorman II,4
Quinton Rose,23
Tommy Rutherford,8
Jeromy Rodriguez,14
Elijah Childs,19
Rade Kukobat,5
Naji Marshall,8
Lachlan Anderson,9
Quentin Goodin,13
Jordan Oakley,2
Nick Mayo,22
Jomaru Brown,4
Lukas Kisunas,3
Daejon Davis,13
KZ Okpala,20
Jaiden Delaire,5
Cartier Diarra,9
Xavier Sneed,15
Cameron Johnson,8
Leaky Black,3
Garrison Brooks,33
Luke Maye,8
Tahirou Diabate,3
Hugh Hogland,7
Theo Akwuba,6
Prince Moss,4
Zavier Peart,1
Jericho Sims,28
Jaxson Hayes,70
Kerwin Roach II,9
Carlos Johnson,18
Dylan Osetkowski,17
Oscar Frayer,9
Devonte Green,1
Joey Brunk,11
Justin Smith,26
Richmond Aririguzoh,15
Jaelin Llewellyn,2
Tyler Cook,44
Ryan Kriener,9
Tyrese Haliburton,10
Nick McGlynn,30
Liam Robbins,5
Talen Horton-Tucker,8
Jayveous McKinnis,19
Dondre Duffus,2
Wali Parks,10
Christian Cunningham,18
Dwayne Sutton,9
Robert McCoy,9
Jamie Orme,5
Sidney Wilson,12
Josh Carlton,23
Samson Usilo,3
Tykei Greene,4
Rapolas Ivanauskas,11
Austin Williams,6
Darius George,14
Mikel Beyers,8
Terrell Brown,37
Canaan Bartley,3
AJ Cheeseman,2
Brandon McKissic,2
Karl Gamble,12
Reggie Scurry,41
Szymon Wojcik,5
Obediah Church,8
Tyson Ward,12
Torin Dorn,20
Markell Johnson,14
Mike Watkins,23
Javante McCoy,1
Sukhmail Mathon,2
Daniel Regis,16
Emmanuel Egbuta,16
Donte Fitzpatrick-Dorsey,11
Milik Gantz,7
Ibrahim Sylla,23
Carlos Hines,3
Kerwin Smith,14
Nathan Cayo,11
Andre Ball,10
Juwan Durham,13
John Mooney,28
Evan Boudreaux,2
Trevion Williams,9
Aaron Wheeler,12
Jabari McGhee,10
Dayton Gumm,7
Cameron Benford,4
Ed Polite Jr.,44
David Skara,9
Koby Thomas,20
Frederick Scott,10
Montez Mathis,11
Peter Kiss,4
Jarrey Foster,10
Feron Hunt,30
Jessie Govan,14
Josh LeBlanc,36
Damni Applewhite,8
Deion Holmes,5
Tevin King,6
Cody Martin,13
Eddie Reese,3
Sidney Umude,11
Alex Ennis,20
Ishmael Lane,38
Darian Dixon,3
Cortez Edwards,13
Isaiah Hill,3
Junior Searcy,2
JD Williams,19
Kyle Alexander,32
Jordan Bowden,13
Kyvon Davenport,34
Jordan Bone,4
Jay Jay Chandler,8
Savion Flagg,26
Brandon Mahan,3
Sekou Toure,1
Quentin Millora-Brown,22
Amadou Sow,19
Robinson Idehen,8
Jarriesse Blackmon,9
Cameron Jackson,21
Devontae Cacok,23
Mike Bothwell,2
Christian James,5
Shaqquan Aaron,5
Brady Manek,24
Rashard Odomes,9
Ashton Hagans,3
PJ Washington,34
Timmy Allen,7
Jake Toolson,3
Daniel Gafford,78
Nahziah Carter,12
P.J. Horne,7
Jaylen Nowell,7
Elyjah Goss,20
Ahmed Ismail,3
Evan Hall,12
Jordan Poole,6
Austin Davis,4
Charles Matthews,32
Chancellor Barnard,14
Jibreel Faulkner,18
Vladimir Pinchuk,1
Makuach Maluach,5
Khaleem Bennett,17
Hayden Koval,13
Bruce Stevens,14
Blake Hinson,3
William Tinsley,6
Phil Fayne,31
James Butler,19
Kevin Marfo,11
Jonathan Kasibabu,24
Nik Popovic,19
Brian Thomas,15
K.J. Jackson,5
Christian Carlyle,3
Daniel Akin,1
Nick Ward,23
Zion Cousins,8
Charles Williams,17
Emondre Rickman,12
Christian Williams,8
Devin Thomas,1
Kevin Samuel,56
RJ Nembhard,7
De'Avion Washington,1
Eric Williams Jr.,31
Andrew Fleming,16
Jalen Adaway,15
Nike Sibande,5
Dalonte Brown,10
Samuta Avea,5
Jordan Butler,12
Chris Ford,3
Christian Negron,9
Armani Branch,5
Amidou Bamba,20
George Blagojevic,8
Isaac Copeland Jr.,8
Curtis Jones,2
Yor Anei,23
Michael Ou,3
Javon Bess,5
Trey Burch-Manning,6
Nico Carvacho,15
Ricardo Lynch,5
Aubrey Dawkins,16
Alex Hicks,33
Jared Savage,7
Dalano Banton,5
DaQuan Jeffries,20
Obadiah Toppin,74
Trey Landers,7
Ountae Campbell,1
Chance Anderson,6
Jermaine Harris,7
Jeff Dowtin,7
Logan Routt,4
Yanni Wetzell,14
Aaron Nesmith,11
Derrik Smits,12
Ryan Fazekas,2
Pete Nance,3
Barret Benson,3
Donnie Tillman,12
Ifeanyi Umezurike,6
Riley Battin,3
James Banks III,47
Moses Wright,17
Braxton Bonds,6
Damarion Geter,8
Steven Julian,14
Deng Geu,19
Jamar Akoh,16
Kylor Kelley,29
Marvin Cannon,12
Davante Cooper,4
CJ Elleby,14
Robert Franks,9
Kimar Williams,3
Christ Koumadje,76
Mfiondu Kabengele,40
Terance Mann,36
Josh McSwiggan,2
Anthony Murphy,6
Eden Ewing,8
Connor Crabtree,5
Buay Koka,5
Caleb Daniels,8
Samir Sehic,1
Bubba Furlong,2
Ed Jones,2
Zach Nutall,6
Alpha Diallo,10
Jimmy Nichols Jr.,7
Jalen Perry,5
Tavin Lovan,17
Mac McClung,4
Isaac Johnson,13
Richard Caldwell Jr.,5
Quan Jackson,16
Isaiah Crawley,20
Tyus Battle,12
Paschal Chukwu,19
Taze Moore,10
Justin McCall,4
Grant Riller,15
Elijah Thomas,28
Aamir Simms,7
Justin Brown,3
Ramon Vila,5
Jamuni McNeace,8
Tarin Smith,5
Seth LeDay,30
Miles Norris,5
John Konchar,14
Donta Hall,62
Kevarrius Hayes,29
Donoven Carlisle,5
Ja'Cori Wilson,2
Mark Hughes,10
Tyree White,20
Daishon Smith,4
Elvis Harvey,6
Joseph Chartouny,1
Carlton Bragg,13
Sean McDermott,2
Alex O'Connell,4
Kaleb Hunter,6
David McCormack,10
Michael Durr,25
Trejon Jacob,8
Jalen Poyser,2
Anthony Lamb,9
Davonte Fitzgerald,16
Mark Vital,11
Mitchell Seraille,10
Christiaan Jones,17
Jahlil Rawley,4
Jordan Usher,4
Patrick Mwamba,2
Josh Perkins,2
Reed Nikko,11
Jeremiah Tilmon,20
Duane Washington Jr.,8
Kaleb Wesson,11
Andre Kennedy,7
Austin Wiley,24
Wyatt Walker,10
J'Von McCormick,3
Tyrese Williams,1
James Batemon,4
Tanner Krebs,3
Sam Bittner,1
De'jon Davis,9
Aljami Durham,3
Marreon Jackson,1
Chris Darrington,1
Berrick JeanLouis,2
Trevelin Queen,18
Eric Carter,12
Saleik Edwards,1
Shandon Goldman,2
Jacquil Taylor,33
Connor MacDougall,4
Isaiah Maurice,7
Chase Jeter,20
Kelby Kramer,2
Devonaire Doutrive,3
Jaalam Hill,16
Dominic Robb,20
Marvin Prochet,2
Hasahn French,22
Trent Forrest,8
Elbert Robinson III,3
Majur Majak,6
Yves Pons,14
Derrick Walker,2
Grant Williams,23
Admiral Schofield,17
Leonard Harper-Baker,15
Justin Simon,24
Yaradyah Evans,11
Greg Williams Jr.,3
Josh Roberts,5
Christian Barrett,21
Ar'Mond Davis,6
Matt Pile,24
Christian Terrell,3
Jarron Cumberland,4
Tre Scott,14
Innocent Nwoko,6
D'Marcus Simonds,15
Josh Nebo,45
Javon Freeman,17
Christian Mekowulu,13
Mamadi Diakite,31
Keyshawn Bryant,25
Jack Salt,15
Braxton Key,11
Chris Silva,20
Josh Davis,15
Josh Cunningham,22
Robert Woodard,20
Aric Holman,28
Brandon Randolph,5
Emmanuel Akot,2
Jacob Cushing,1
Amir Harris,3
Kipper Nichols,4
Isaiah Roby,28
Ayo Dosunmu,3
Petr Herman,6
Prince Ali,13
Kris Wilkes,11
Jaylen Hands,11
Kyle Young,12
Musa Jallow,6
Isiaha Mike,19
Emmanuel Nzekwesi,5
Noah Dickerson,32
Matisse Thybulle,36
Michael Miller,5
Zachary Simmons,16
Terrance Banyard,9
Ryan Woolridge,1
Ken Odiase,1
Damiyne Durham,4
Jarkel Joiner,2
Jesse Bunting,6
Malachi De Sousa,6
Jermaine Ukaegbu,12
Gabriel Gyamfi,2
Malik Ellison,10
Scott Plaisance Jr.,20
Doug Taylor,26
Nojel Eastern,10
Eric Hunter Jr.,1
Bryan Alberts,1
Courtney Alexander II,20
Jared Sherfield,10
Adam Saeed,4
Quinn Taylor,13
Ledarrius Brewer,9
David Beatty,4
Jack Clark,2
Isiah Deas,4
Fausto Pichardo,9
Mayan Kiir,15
Antun Maricevic,4
Jael Scott,2
Shawntrez Davis,7
Houston Smith,7
Jayvon Graves,20
Theo John,21
Matthew Mondesir,6
Jaylen McManus,4
Brevin Galloway,11
Chris Knight,8
Filip Petrusev,10
Gerald Blackshear Jr.,16
Zoran Talley Jr.,3
George Conditt IV,7
Zion Griffin,2
Rashaan Holloway,19
Jonathan Laurent,9
Keon Clergeot,4
Isaiah Martin,8
Skylar Mays,17
Darius Days,7
Montae Glenn,12
Leroy Butts IV,2
Mawdo Sallah,4
Tahj Eaddy,1
Henrik Jadersten,6
Ezekiel Richards,4
Rey Idowu,2
Frank Bertz,3
Lamontray Harris,14
Myles Lewis,9
Novak Topalovic,9
Brooks DeBisschop,9
Jamal Bieniemy,1
Kristian Doolittle,15
Herbert Jones,15
Myles Dread,3
Nate Watson,28
Charles Bain,4
Darius McNeill,3
Victor Uyaelunmo,3
Tyreek Scott-Grayson,4
Jeremiah Bell,1
Blake Paul,16
Garrison Mathews,4
Bailey Patella,1
Antwon Lillard,8
Jeffrey Uju,7
Isaiah Livers,13
Elijah Hughes,8
Ty Cockfield,5
Robert Braswell,2
Tulio Da Silva,39
Keandre Cook,6
Jared Hamilton,7
Isaiah Lamb,8
Jaylan Gainey,1
Nathan Mensah,15
Karrington Wallace,6
Sergio El Darwich,3
Christian Jacob,3
Evan Hinson,1
John Newman III,4
Javan White,14
Shaq Carter,6
Geo Baker,5
Eugene Omoruyi,9
Jimmy Whitt Jr.,9
Kyle Allman Jr.,6
Khalil Ahmad,22
Brady Heiman,3
Brekkott Chapman,13
Isaiah Tisdale,3
Frankie Hughes,4
Michael Hughes,25
Kelvin Robinson,3
Rob Whitfield,2
Wassef Methnani,7
David Watkins,1
Troy Baxter Jr.,12
Keyontae Johnson,20
Henry Welsh,1
Danilo Djuricic,9
Amanze Ngumezi,5
Derek Ogbeide,36
Kameron Hankerson,10
Shanquan Hemphill,24
Dainius Chatkevicius,10
Trevian Bell,11
Raymond Bethea Jr.,2
Greg Heckstall,3
Trevond Barnes,22
Romain Boxus,1
AJ Sumbry,7
Chidi Udengwu,2
Jared Stutzman,1
E.J. Crawford,3
Wyatt Yess,1
Jameel Alausa,1
Romelo Burrell,3
Juwan Morgan,17
De'Ron Davis,1
Jacara Cross,5
Nassir Little,32
Mattias Markusson,32
Rondale Watson,11
Isaac Taylor,4
Roberts Blumbergs,7
Ahmaad Rorie,7
Kalu Ezikpe,6
Aaron Carver,11
Bryce Brown,8
Darnell Cowart,4
Anfernee McLemore,31
Luther Muhammad,2
Devon Goodman,3
Ryan Mikesell,5
Jalen Crutcher,3
LJ Figueroa,26
E.J. Anosike,9
PJ Savoy,2
Marek Nelson,1
Isaiah Wade,15
Olin Carter III,4
Isaiah Moss,4
Zach Sellers,2
Keith Charleston,1
Evan Fisher,9
Mamoudou Diarra,4
Nysier Brooks,26
Eric Lockett,1
Jericole Hellems,2
Deivydas Kuzavas,5
Collin Nnamene,5
Omar Habwe,2
Spencer Schultz,1
Troy Harper,5
Elijah Schmidt,3
Jalen Harris,13
Reggie Chaney,17
Garrison Goode,11
Tyler Polley,4
Dhamir Cosby-Roundtree,27
Logan Dye,2
Ruben Guerrero,20
Jonat T. Tchatchoua,1
Mate Colina,4
Kris Clyburn,7
Aguir Agau,4
New Williams,6
Makol Mawien,17
Barry Brown Jr.,10
Austin Trice,9
Sharone Wright Jr.,3
Chase Audige,16
Josh Ferguson,11
Quinndary Weatherspoon,23
Lamar Peters,2
Nick Weatherspoon,6
Skyelar Potter,4
JD Miller,26
Dravon Mangum,5
Kouat Noi,9
Kaden Archie,2
Lucas Siewert,5
Fabian White Jr.,10
Cedrick Alley Jr.,3
Jonathan Tchamwa Tchatchoua,9
Christian Rohlehr,9
Jordan Davis,15
Cameron Williams,7
Jailan Haslem,4
Tyrese Martin,5
Nate Sestina,15
Aleer Leek,4
Christian Bishop,14
Adrio Bailey,15
Michael Akuchie,3
Dantez Walton,5
L.J. Owens,3
Antonio Spencer,6
Tyler Hooker,1
Abdoulaye Gueye,14
Evan Cole,7
Devon Daniels,7
Kerry Blackshear Jr.,14
Greg Foster Jr.,1
Tyrone Lyons,3
Jayden Gardner,2
Brad Brechting,11
Tyree Appleby,4
Dameane Douglas,16
Zac Watson,5
Deshawn Corprew,2
Zigmars Raimo,1
Javier Langarica,5
B.J. Miller,1
Chris Smith,8
Aguek Arop,4
Matt Mitchell,1
Joe Wieskamp,5
Dontay Caruthers,10
Henry Baddley,3
Hank Hollingsworth,6
Ja'Cor Nelson,6
Anthony Lawrence II,7
Sam Miller,11
Eric Hamilton,9
Trey McGowens,14
K.J. Walton,13
Kevin Larkin,2
Mitch Lightfoot,8
MJ Randolph,1
Raynere Thornton,9
Tyler Harris,1
Devontae Shuler,5
RaySean Scott Jr.,2
Zach Naylor,1
Lucas N'Guessan,18
Simeon Carter,25
Sandy Cohen III,14
KC Ndefo,18
Salif Boudie,2
Malik Brevard,9
Romen Martin,1
Noah Kirkwood,2
Greg Malinowski,1
Cody Riley,7
Darius McGhee,3
Jordan Griffin,1
Deishuan Booker,2
Zane Najdawi,4
Lew Stallworth,4
Myles Johnson,14
Michael Oguine,12
Devin Kirby,17
Cameron Oluyitan,6
Keljin Blevins,17
David Syfax,7
Tre'Shawn Thurman,16
Mario Kegler,7
Makai Mason,1
Dejon Jarreau,8
Kierell Green,7
Greg King,17
Horace Spencer,15
Myles Parker,1
Jahmiah Simmons,2
Josh Parrish,3
Aaron Henry,14
Eugene German,5
Davon Clare,3
Kason Harrell,3
Markus Golder,17
Jaume Sorolla,2
Mileek McMillan,2
Kevin Morris,5
Grant Golden,3
Guglielmo Caruso,7
Josh Martin,2
Juhwan Harris-Dyson,6
Stacey Thomas,4
Mustapha Heron,20
Jared Rhoden,7
Myles Powell,6
Saben Lee,19
Malik Martin,8
John Fulkerson,14
Isaac Likekele,6
Cameron McGriff,21
Jeremy Combs,14
Zach Pfaffenberger,3
Rasir Bolton,2
Baylee Steele,18
Stefan Lakic,2
Markell Lodge,15
Nate Reuvers,7
Victor Ohia Obioha,6
Xavier Tillman,25
Kenny Goins,9
Stanley Davis,5
Jay Huff,27
Kyle Guy,3
Austin Katstra,1
Terrence Lewis,3
Tyrese Hailburton,1
Cameron Lard,16
Wendell Mitchell,6
KJ Simon,10
Anthony Polite,3
M.J. Walker,4
Shannon Bogues,7
made Dunk. Assisted by Donoven Carlisle.,1
Harrison Curry,5
Matt Faw,4
Tajuan Agee,15
Dwight Wilson,5
Darius Banks,3
Jeameril Wilson,8
Marcquise Reed,5
Julius van Sauers,4
Eral Penn,17
Raiquan Clark,4
Amir Coffey,15
Dupree McBrayer,5
Matt Morgan,5
Emanuel Littles,1
Ben Harvey,3
Cam Burrell,7
Zach Thornhill,1
Matt Neufeld,13
Ajani Kennedy,3
Marcus Ottey,7
Demajeo Wiggins,23
Kessler Edwards,9
Ahmad Clark,1
Maliek White,2
De'Andre Hunter,19
Nik Mains,3
Chris Bowling,1
Joe Toye,6
Maxwell Evans,4
Matt Wilson,4
Soufiyane Diakite,7
Kamani Johnson,7
Rayjon Tucker,18
Kahliel Spear,1
Ben Robertson,1
Jaylen Franklin,16
Hayden Farquhar,2
Payten Ricks,1
Jalone Friday,3
Donel Cathcart III,2
Antwan Maxwell Jr.,2
Robert Montgomery,4
Frankie Policelli,1
Dazon Ingram,4
Jeff Thomas,7
Adrian Delph,5
Hunter Seacat,5
Breaon Brady,8
T.J. Atwood,3
Armoni Brooks,5
V.J. Holmes,3
Michael Wang,3
Quincy McKnight,6
Johnny McCants,20
Ivan Aurrecoechea,7
Cantavio Dutreil,6
Oshae Brissett,14
Tomas Murphy,10
Jalen Carey,1
Oliver Powell,4
Wynston Tabbs,3
Develle Phillips,12
D'Shawn Schwartz,4
Matt Johns,2
Jay Harvey,1
Jeremiah Martin,8
Max Mahoney,7
Fletcher Tynen,2
Kevin Puryear,6
Jabari Narcis,6
Matthew Pegram,6
Quentin Grimes,3
Gabe Osabuohien,5
Martaveous McKnight,2
Trey Moses,1
Daeqwon Plowden,16
V.J. King,6
Ike Nweke,4
Brendan Medley-Bacon,1
Pervis Louder,2
Jaelan Sanford,5
Dylan Alderson,1
Ajay Sanders,1
Jack White,8
Michael Diggins,23
E.J. Stephens,3
Alihan Demir,9
Jannson Williams,22
Stafford Trueheart,5
Jalen Gibbs,2
Lesley Varner II,4
Keonte Kennedy,3
Da'Monte Williams,1
Cameron Young,6
Scott Hitchon,10
Takal Molson,8
Isaiah Reese,1
Jonathan Sanks,1
Ryan Schwieger,2
Chris Clover,6
Charles Minlend,8
Jimbo Lull,18
Taavi Jurkatamm,2
Jacobi Gordon,1
Tshiefu Ngalakulondi,4
Ezekiel Charles,7
A.J. Lawson,9
Josh Aldrich,4
Tre King,15
Peyton Broughton,1
Ron Freeman,3
Andre Adams,11
Desmond Bane,11
Brian Fobbs,8
Dennis Tunstall,4
A.J. John,2
John Edgar Jr.,3
Glenn Morison,3
Sterling Manley,3
Brandon Huffman,4
Jase Febres,1
Garrett Gilkeson,4
Corey Kispert,7
Blake Harris,2
James Claar,4
Dajour Dickens,16
Christian Anigwe,4
Oumar Barry,3
David Efianayi,9
Brandon Miller,1
Isaiah Mucius,2
Chaundee Brown,2
Marial Shayok,10
Darryl Morsell,17
Stan Scott,3
Riley Grigsby,1
Menno Dijkstra,5
Delshon Strickland,2
Terrance Lacey,1
Ryan Luther,3
Brandon Williams,2
Kevon Harris,12
Chris Miller,2
Andre Toure,4
Sam Iorio,3
Mark Gasperini,1
Davonta Jordan,5
Montell McRae,23
Horace Wyatt Jr.,4
Matt Poquette,1
David Wacker,8
Hunter Tyson,1
Clyde Trapp,5
Will Rayman,7
James Suber,2
Jacob Davison,9
Ike Smith,3
Victor Bafutto,4
Marcus Cohen,3
Justin Bassey,3
Jamall Gregory,13
De'Torrion Ware,1
Braxton Huggins,3
Aher Uguak,16
Ryan Funk,8
Kyle Ahrens,7
Mustapha Traore,9
Nakye Sanders,3
Tyrell Johnson,17
Lacey James,10
Jalen Hill,24
AJ Brodeur,10
Xavier Johnson,8
Sidy N'Dir,4
Justin Wright-Foreman,11
Osi Nwachukwu,3
Nolan Narain,4
Gabe McGlothan,10
Eric McGill,7
Harrison Butler,13
Larry Austin Jr.,3
Desmond Cambridge,9
Samba Kane,5
Mladen Armus,11
Deion Lavender,7
Justin Williams,6
Maceo Jack,7
Tolu Smith,7
Jamarius Burton,3
Morris Udeze,4
Aleem Ford,2
Blake Reynolds,2
Marty Hill,4
Augustine Ene,4
Ja'vonte Smart,3
Bryce Davis,1
JaShaun Smith,11
Amari Kelly,5
Rob Marberry,12
Ethan Thompson,6
Warren Washington,5
Marvin Clark II,5
Sam Timmins,6
Ian Kinard,2
LaDarien Griffin,21
Khalil Iverson,19
Luka Garza,3
Josh McNair,14
Chris Vogt,13
Loudon Love,14
Derrick Woods,4
Jalanni White,23
David Collins,9
Tyler Foster,5
Nate Laszewski,2
Nikola Djogo,4
Prentiss Hubb,3
Isaac Suffren,3
Darian Scott,1
Jordan Miller,5
Franklin Agunanne,1
Vic Law,7
Kevin Obanor,7
Emir Ahmedic,1
Kadeem Smithen,5
Louis King,3
Bryce Wills,13
Eric Cobb,4
Nolan Gerrity,1
Vincent Eze,7
Ricky Council II,4
Artavious McDyess,2
Reggie Gardner Jr.,3
Zacarry Douglas,10
Jibri Blount,5
Dallas Polk-Hilliard,2
Devante Jackson,7
Ochai Agbaji,15
Deng Riak,10
Jimond Ivey,13
Onyi Eyisi,6
Aaron Cook,3
John Walker III,1
TJ Starks,2
Dean Wade,14
Brevin Pritzl,2
Levi Bradley,6
Dante Thorpe,3
Johncarlos Reyes,4
Carsen Edwards,2
Travis Atson,2
Ryghe Lyons,4
Travis McConico,3
Malcolm Regisford,8
Mitch Ballock,1
Rodney Henderson Jr.,2
Ed Croswell,11
Jagan Mosely,1
Kristian Sjolund,3
Chris Clemons,12
Jared Chatham,6
Maxwell Starwood,3
Ben Perez,1
Abayomi Iyiola,8
Keith Matthews,2
Bryson Lockley,2
Ugo Obineke,1
Carter Hendricksen,1
Jordan Roberts,4
Gus Okafor,3
Larry Motuzis,4
Stacy Beckton Jr.,5
John Carroll,7
Matz Stockman,5
Nick Guadarrama,1
Ra Kpedi,8
Abdul Lewis,3
Michael Kolawole,2
Vonte Ott,1
Shaquille Doorson,13
Keith McGee,4
John Pettway,8
Tookie Brown,5
Herb McGee,2
Bourama Sidibe,3
Davion Thomas,5
Devante Foster,2
AJ Wilson,12
Unique McLean,9
Darius Henderson,4
Arkel Lamar,7
Tajion Jones,6
Kevin Porter Jr.,13
Marcus Sheffield,2
Wyatt Wilkes,1
Ira Lee,23
Dawson Carper,8
Matt Lewis,4
Nick Harris,5
Olamide Pedersen,6
Jason Burnell,2
Patrick Emilien,1
Keon Williams,3
Timmy Falls,2
Kelvin Jones,15
Alonzo Walker,11
Brendan Rumel,5
Jalen Sanders,1
Kur Jockuch,3
D.J. Weaver,2
Matt Holba,5
Sage Tolbert,7
made Dunk.,9
Isaiah Blackmon,4
made Dunk. Assisted by Xzavier Malone-Key.,1
made Dunk. Assisted by Jahlil Jenkins.,6
Eric Terry,7
Alex Peacock,6
Bo Hodges,6
Darien Jackson,4
Peter Hewitt,1
Jacob Wiley,5
Ayoub Nouhi,1
Eli Chuha,3
Chevez Goodwin,19
Jordan Henderson,2
Anthony Durham,6
Charlie Brown Jr.,7
Rickey McGill,4
Niksa Nikolic,1
Kane Williams,4
Elijah McCadden,6
Kolton Kohl,3
Joe Pleasant,3
Brachen Hazen,7
Branden Johnson,5
De'Von Cooper,3
Darius Allen,4
Flo Thamba,7
Avery Benson,1
Trendon Hankerson,1
Ja'Shon Henry,9
Tamenang Choh,9
Gavin Baxter,24
Isaac Chatman,7
Jalen Jordan,1
Ebrima Dibba,3
Jack Ferguson,1
Marvin Nesbitt Jr.,6
Josh Pitts,2
Ryan Johnson,1
Christian David,4
Tyrell Harper,1
Devin Vassell,6
Phil Cofer,10
Harrison Prieto,1
Dana Tate,4
Deshon Taylor,3
Max Rothschild,1
Michael Jacobson,4
Jordan Harris,7
Ricky Lindo Jr.,3
Collin Smith,10
C.J. Burks,7
KJ Buffen,7
Balint Mocsan,1
Mack Anderson,4
Michal Kozak,3
Devin Gilmore,12
Trevon Taylor,2
Brandon Robinson,4
Cameron Shelton,2
Calvin Martin,2
Ethan Esposito,2
Matej Drgon,2
James Palmer Jr.,14
Xavier Hill-Mais,10
Tray Maddox Jr.,7
Connor Murrell,3
Gligorije Rakocevic,4
Zach Cameron,10
Myreon Jones,1
Mark Flagg,8
Skyler Hogan,2
Ross Ryan,3
Bryan Assie,5
Shaun Doss,10
Malik Metoyer,4
Oddyst Walker,1
Andrew Garcia,3
Irshaad Hunte,5
Tre Gray,2
Marquis Eaton,1
Elochukwu Eze,2
Amorie Archibald,3
Marcus Santos-Silva,4
Issac Vann,8
Au'Diese Toney,6
Taevon Horton,1
David Duke,5
Paul Scruggs,5
Matija Milin,3
Moses Wood,2
Asbjorn Midtgaard,15
Isaac Bassey,2
Tanner Groves,4
Elijah Jackson,1
Kim Aiken Jr.,4
Xavier Smith,1
Freddie Gillespie,21
Dwayne Lautier-Ogunleye,3
Akiean Frederick,6
Nick Richards,24
Jeremy Harris,9
AJ Edu,2
Jordan Naughton,7
TJ Gibbs,1
Daniel Utomi,1
Devonte Patterson,8
Galin Smith,9
John Petty,10
Caleb Martin,15
Zach Haney,3
Joe Kasperzyk,3
Karlis Garoza,1
Mikey Henn,2
Phlandrous Fleming Jr.,7
Ethan Stair,5
Jaylen Stowe,8
Gerard Martin,1
Michael Finke,10
Christian Peevy,8
Jake Forrester,3
Tyreese Davis,2
Jordan Foster,2
Jeremy Hayes,1
Zac Cuthbertson,7
Casmir Ochiaka,7
Jordan Bell,1
Kareem Brewton Jr.,1
Zack Bryant,15
Justin Dahl,3
Donaven Dorsey,5
Zeke Quinlan,1
Malik Riddle,4
Chad Lott,12
Coby White,5
Rocky Kreuser,13
DeAndre Love,5
Ky Bowman,7
Jermaine Haley,7
Daylen Kountz,11
A.J. Reeves,6
Malik Petteway,9
Geno Crandall,3
Nate Fowler,2
Rayshaun Hammonds,9
Xavian Stapleton,6
R.J. Smith,9
Matthew Mayer,3
Benjamin Uloko,2
Edward Hardt,4
Dedric Lawson,3
Rod Henry-Hayes,1
Allen Betrand,3
Javan Johnson,4
Jordon Varnado,7
Dexter Dennis,6
Brandon Suggs,2
Kevin McClain,5
Efe Odigie,1
Keaton Wallace,5
John Hall,7
Kevin McKay,4
Paulius Zalys,2
C.J. Bryce,2
Sam Hauser,1
Evan Battey,1
Kris Martin,2
Michael Steadman,1
Flynn Cameron,1
Demetrius Mims,2
Ade Murkey,8
Dan Jech,1
Avery Sullivan,2
Brady Ernst,9
Khwan Fore,2
Tyree Crump,1
Jordan Brown,3
Diogo Brito,2
Justin Bean,3
Justin Ahrens,1
Philip McKenzie,5
Nick Jones,1
Jahmel Myers,5
Kodye Pugh,3
Kareem South,1
Djery Baptiste,3
Jamorko Pickett,10
Zach Jackson,3
Rod Brown,1
Taurean Thompson,4
Elijah Olaniyi,6
Solomon Ruddell,1
Richard Harward,10
Deante Johnson,4
Donovan Gilmore,6
Cress Worthy,2
Devearl Ramsey,1
Bernie Andre,1
Rashaad Goolsby,4
Kalin Fisher,1
made Dunk. Assisted by Darnell Edge.,1
Steve Harris,6
Pat Welch,1
Christian Keeling,4
Luidgy Laporal,6
Eli Pemberton,3
Solomon Uyaelunmo,1
Shawn O'Connell,3
Jalen Tate,4
Joel Davis,4
Tarkus Ferguson,6
Kale Catchings,3
Jeenathan Williams,3
Greg Kuakumensah,3
Brian Parker,1
Gerron Scissum,10
Troymain Crosby,1
Alonzo Campbell,4
Immanuel Quickley,2
Jeremy Jones,5
Kevin McNeal,2
Jordan Cintron,2
Jaylen Richard,8
James Hawthorne,3
Keigan Kerby,1
JaQuori McLaughlin,3
Marek Dolezaj,3
Dimitrije Spasojevic,1
Aziz Seck,2
Kevaughn Ellis,1
Karlis Silins,2
E'Torrion Wilridge,4
D.C. Davis,1
Tyshaun Crawford,1
Travis Weatherington,1
Chris Lewis,13
Maizen Fausett,3
Scott Blakney,2
John Comeaux,1
Dwight Murray Jr.,1
Jared Ridder,1
Ezekiel Balogun,3
Tristin Walley,1
Shaquillo Fritz,11
Callum McRae,2
Jaron Cornish,2
Anthony Ochefu,1
Sacar Anim,3
Ronald Lucas,4
Emmanuel Olojakpoke,2
Gerard Andrus,5
Sayeed Pridgett,7
Juan Cardenas,2
Tucker Richardson,2
Richard Njoku,2
Jace Hogan,2
Aaron Wiggins,4
Nigel Shadd,1
Zion Young,1
Jules Bernard,1
Stephen Thompson Jr.,1
Trey Murphy III,3
Jared Kimbrough,10
Ian Krishnan,1
Kashaun Hicks,2
Jordan Goodwin,5
Josip Vrankic,4
Jaren Lewis,5
Jaiveon Eaves,1
Shamorie Ponds,2
Seth Adelsperger,9
Daniel Kinchen,1
Darian Adams,1
Radshad Davis,1
Luke Loewe,1
Both Gach,7
Devonte Bandoo,6
Jalen Slawson,2
John Sally Jr.,5
Matt Bradley,1
Christian Vital,8
Tremell Murphy,10
James Dickey,15
Dylan Hastings,2
Nate Jones,2
Kyle Foster,2
Damani Applewhite,5
Daniel Giddens,2
Riley Norris,1
Tyler Herro,5
Kenny Williams,1
Tyler Scanlon,2
George Kiernan,2
Nevin Zink,7
Justinian Jessup,4
Trey Mourning,6
Kyle Lofton,2
Dominick Welch,2
Jalen Hudson,7
Matthew Moyer,4
Marco Anthony,1
Dana Batt,5
Matt Chastain,6
Lorenzo Edwards,6
Youry White,1
Ronshad Shabazz,3
Terry Taylor,7
Daxton Carr,4
Ganlandou Cisse,1
Josh Coleman,1
Myron Gordon,3
Josh McFolley,2
Nikola Maric,5
Fardaws Aimaq,2
Nana Akenten,4
Jarred Godfrey,2
Trevon Allen,3
Solomon Hainna,2
Israel Barnes,2
Benjamin Stanley,3
Akim Mitchell,4
Vilgot Larsson,1
Mitchell Hahn,4
Tyree Pickron,1
Andre Kelly,7
Denzel Tchougang,2
Dontae Caldwell,1
Steffon Mitchell,3
Samir Doughty,3
Giorgi Bezhanishvili,8
Tevian Jones,2
Sa'eed Nelson,1
Johnny Wang,8
Ron Artest III,2
Sy Chatman,10
Mike Edwards,2
DeAnthony McCallum,2
Sean Good,1
Lukas Jarrett,5
Cam Copeland,2
Tremont Waters,4
Josh Hopkins,1
Brandon Hutton,1
D.J. Harvey,3
Nathan Bain,7
Jules Moor,2
Jaylen Shead,3
Nijal Pearson,2
Cameron Wilbon,1
Rashawn Fredericks,4
Pedro Castro,1
Trevon Faulkner,2
Adrian Nelson,3
Silas Adheke,1
Quentin Guliford,1
Phillip Smith,2
Nick Allen,4
Spencer Franklin,1
Eric Jamison Jr.,2
Craig Randall II,2
Zay Williams,8
Nick Rutherford,2
Brandon Leftwich,1
Lewis Sullivan,2
Ricquall Smoot,1
Jamaree Bouyea,4
Oscar da Silva,16
Francois Lewis,3
Jaylen Sims,2
Rosel Hurley,4
Dee Montgomery,2
Dantai St. Louis,5
Tyler Cheese,1
Tiandre Jackson-Young,7
Azariah Seay,1
Reginald Gee,2
Jordan Walker,1
Jamir Coleman,6
CJ Massinburg,6
Dominik Heinzl,1
Carl Pierre,1
Jalen Cobb,2
Aboubacar Diallo,3
Steven Santa Ana,1
Axel Mpoyo,9
Elston Jones,5
R.J. Kelly,4
Eli Scott,1
Dibaji Walker,1
Louie Pillari,1
Clayton Henry,2
Tywhon Pickford,2
Devon Dotson,1
TJ Massenburg,2
Ahmad Caver,6
Aaron Jordan,1
Finn Sullivan,1
Nick Weiler-Babb,2
Javon Pickett,2
Courtney Ramey,1
Cory Kilby,2
Grant Weatherford,1
Darius Williams,2
Raul Frias,2
Isaiah Thomas,2
Michael Manning Jr.,1
Dominic Green,1
Jordan Giles,3
Deion Bute,5
Jamir Moore,1
Brandon Younger,2
Nick Rogers,1
Kevin Anderson,1
Hayden Brown,1
Tre Clark,11
Cole Long,1
Tyler Hall,1
Xavier Green,2
Kameron Edwards,6
Cory Hightower,1
Calvin Whipple,3
Anselm Uzuegbunem,3
Trevion Brown,2
Tommy Burton,4
Marcus Thomas,1
Marcale Lotts,1
Jordan Allen,2
Noah McCarty,3
Kimani Lawrence,7
Fatodd Lewis,1
Mark Gordon,6
Isaiah Walton,5
Garrett Golday,2
Tai Bibbs,3
Teshaun Hightower,1
Ndene Gueye,1
Terry Winn III,2
DeAndre Gholston,1
Austin Butler,2
Mike Kolawole,1
Caleb Bennett,3
Walker Miller,1
Kabir Mohammed,2
Logan Ryan,4
Abdul Ado,9
Carlik Jones,3
Justin Mazzulla,5
Anthony Longpre,1
Jordan Hunder,2
Deondre Burns,1
Andre Wolford,1
Lamonte Turner,2
Matt Coleman III,2
Martins Igbanu,8
John Kiser,1
Michael Gilmore,5
Hameir Wright,1
Parker Van Dyke,1
Michael Nuga,2
Alex Holcombe,2
K.J. Santos,1
Kenneth Nwuba,2
Lindy Waters III,1
Ben Vander Plas,3
Ikenna Smart,2
Darnell Brodie,1
Derek Culver,6
Alex Reese,3
Sam Schwietz,4
Luka Kraljevic,1
Jaylin Andrews,1
SK Shittu,2
Josh Webster,1
Allante Holston,3
Riley Till,1
Matt Rose,3
Pernell Adgei,1
Kevin Hunt,1
Abiola Akintola,2
Brandon Martin,2
Bryson Robinson,1
Ernest Aflakpui,5
Kai Mitchell,2
Joel Ntambwe,1
Ameka Akaya,1
Chris Porter-Bunton,3
Matt Horton,1
Dima Zdor,2
Darian Bryant,1
Seth Millner,2
Dave Morris,1
Jarvis Doles,2
Conner Toolson,2
Johnny Crnogorac,3
Tray Boyd III,1
Kevon Tucker,1
Malachi Smith,1
Leon Daniels,2
Roman Davis,1
Kent Auslander,1
Keith Stone,2
Michael Douglas,4
Javon Greene,2
Trey Carver,1
Lemmie Howard,2
Lamont West,7
Khalid Moore,2
Jacob Grandison,4
Jahlin Smith,3
Steven Whitley,1
Chris Brandon,4
Jarrod Simmons,2
Ryan Preston,3
Andre Gustavson,1
Andrew Ferguson,1
Bryce Hamilton,1
Sedee Keita,1
Viont'e Daniels,1
Morgan Taylor,3
Caleb Stewart,3
Samuel Dingba,4
Jahmal McMurray,1
Ethan Chargois,6
Bronson Kessinger,2
Michael Weathers,4
David Mitchell,1
Charles Brown III,2
Koch Bar,3
Karl Nicholas,4
Antione Lister,1
Gregory Jones-Rollins,1
Kendall Stafford,1
Cori Johnson,2
Stephen Edoka,1
Rob Phinisee,2
Nick Blair,1
Brian Halums,1
Teyvion Kirk,2
Ian Boyd,1
Milik Yarbrough,4
Drew Cobb,1
Isaiah Brown,4
Darius Beane,2
Makai Ashton-Langford,1
Trace Young,4
Tyron Brewer,5
Brent Hank,1
Vince Williams,1
De'Riante Jenkins,4
Remy Martin,2
Milan Acquaah,2
Travell Washington,1
Lamar Hamrick,3
Isaih Moore,3
Cassius Smits-Francisco,1
Ra'Shawn Langston,1
Payton Moore,3
Melik Martin,1
Ivan Madunic,3
Deniz Celen,2
Wyatt Lowell,2
Kamar Baldwin,1
Kira Lewis Jr.,2
Job Alexander,1
Ithiel Horton,1
K.J. Riley,1
Tim Finke,3
Kendall Lauderdale,2
Khadim Samb,1
Jalen Pickett,4
Gabe Watson,3
Boban Jacdonmi,1
Jabari Rice,1
Shawn Occeus,3
Myles Thompson,2
Pape Diop,5
Zaquavian Smith,4
Aaron Ray,1
Dee Barnes,1
Quentin Scott,1
Nat Dixon,2
Tervell Beck,1
Hannes Polla,1
Kaiden Rice,1
Sam Waardenburg,3
Tyreke Key,1
Eric Curry,1
Adam Webb,1
Matt McQuaid,5
Brandon Slater,1
Cameron Krutwig,6
Jalen Jones,1
Gary Blackston,2
Eli Pepper,9
Seventh Woods,1
Jaedon LeDee,3
Dalton Nixon,4
Jarrett Givens,1
David Azore,1
Detrick Mostella,2
Eli Brooks,1
Juwan Williams,1
Stevie Jordan,1
Marcus DeBerry,1
Kamar McKnight,1
Matt Jackson,2
Antwann Jones,1
Amel Kuljuhovic,1
Terry Nolan Jr.,2
Jalon Gates,1
Ron Harper Jr.,9
Jared Harper,2
Danjel Purifoy,1
Tuukka Jaakkola,6
Matt Veretto,1
R.J. Gladney,1
Marlon Hunter,1
Ehab Amin,1
Jackson Stormo,2
Dallas Watson,2
Tyler Stevenson,1
Jalen Adams,4
Taveion Hollingsworth,1
Kevin Easley,2
Tra'Von Fagan,3
Alex Robinson,2
Ari Boya,1
Tre Tiller,1
Christian Harrison,4
Chandler Davis,1
Cliff Thomas Jr.,2
Amari Haynes,2
Cooper Kaifes,1
Jon Davis,2
Vance Jackson,3
Antoine Smith Jr.,1
Maurice Calloo,2
Joel Mensah,2
Connor Bennett,1
Alex Caldwell,1
Jason Wade,2
Charles Falden,1
DJ Williams,2
Brandon Johns Jr.,2
Nic Lynch,1
Nigel Marshall,1
Luuk van Bree,1
Maik Kotsar,3
Dylan Ostekowski,1
Jack Hemphill,1
Lazaro Rojas,2
Raiquan Gray,3
BJ Duling,2
Adonis De La Rosa,2
Diago Quinn,2
Abdoulaye Harouna,1
Andrija Ristanovic,1
Chad Andrews-Fulton,2
Victor Curry,1
Ozante Fields,2
John Meeks,1
Jalon Clark,1
Jordan Geist,1
Ty Outlaw,1
Darius Perry,1
Dylan Jones,1
KeVaughn Allen,2
Justice Obasohan,1
Lindell Wigginton,2
Saul Phiri,2
Cian Sullivan,2
Mason Peatling,2
Kody Stattmann,1
Mike McGuirl,1
JC Butler,1
Isaiah Whaley,3
Tyrell Gumbs-Frater,1
Tanner Borchardt,1
Jon Axel Gudmundsson,1
Jamal Smith,1
Payton Pritchard,1
Ethan Henderson,2
Kobe Dickson,1
Devon Brewer,1
David-Lee Jones Jr,1
Luqman Lundy,2
Mark Crowe,2
Algevon Eichelberger,1
Naz Bohannon,1
Davis Franks,1
Oscar Okeke,1
Chris Williams,2
Andrew Tate,1
Curtis Holland III,1
Myles Hutchinson,1
AJ Harris,1
Jeremiah Bailey,2
Derek Brown,2
Malik Maitland,1
Bobby Moorehead,1
JaQualis Matlock,2
Edric Dennis,2
Marcus Evans,1
Corey Douglas,2
Alessandro Lever,1
Ladarius Marshall,2
Killian Tillie,1
Dontay Bassett,2
Nicholas Baer,2
Connor Cashaw,1
King McClure,3
Shelby Adams,1
Keyshawn Woods,1
Colin Castleton,1
Drew Peterson,1
Alan Griffin,2
Miller Kopp,2
Bo Blight,1
Elijah Cuffee,1
Dinero Mercurius,1
made Dunk. Assisted by Andre Kennedy.,1
Antonio Rizzuto,1
Robert Woodard Ii,1
Chris Joyce,1
Ben Shungu,1
Jeff Pollard,2
Will Richardson,1
Caleb McConnell,2
made Dunk. Assisted by Tyler Jones.,1
Jesse Hunt,1
Andrew Eudy,1
Princewill Anosike,1
Galen Robinson Jr.,1
Ami Lakoju,2
Josh Warren,2
Keshawn Justice,1
Isaiah Joe,2
Chris Howell,1
Noah Plain,2
Calistus Anyichie,1
Joshua Howard,1
Isaiah Stokes,1
Damon Wilson,1
Morgan Means,1
Mason Forbes,3
Thomas Kithier,2
Wanjang Tut,1
Torrence Watson,1
Tyere Marshall,1
Jake Wilson,1
Marcellus Garrick,1
Tchamwa Tchatchoua,1
Adam Thistlewood,1
C Mbacke Diong,2
Anfernee Hampton,1
Tyler Creammer,2
Sarju Patel,1
Isaiah Bailey,1
Matthew McClung,4
Chris Austin,1
Amauri Hardy,1
D'Andre Johnson,2
Jack Schwietz,1
Tyler Plummer,1
Adam Pickett,1
Tevin Mack,2
Ben Kinker,1
Obi Okolie,2
Troy Whiteside,2
Ricky Doyle,1
Iran Bennett,2
Alja Kunc,1
Ben Nakwaasah,1
Chris Mullins,1
Jalen Reeder,2
Antanee Pinkard,2
Davrion Grier,1
Kur Kuath,1
Paul Newman,1
Jan Dornik,1
Namon Wright,2
Alexander Strating,1
Gojko Djokovic,1
Exavian Christon,1
Isaiah Jackson,1
Demarcus Mitchell,1
Ennis Alex,1
Deng Gak,4
Shakur Juiston,7
Coty Jude,1
Austin Rogers,1
Medley-Bacon Brendan,1
Austin Mueller,1
Mike Okauru,1
Pookie Powell,1
Chase Johnson,1
Mike Beyers,1
Ante Sustic,2
Davon Bolton,1
Jr. Ed Polite,1
Robby Carmody,1
D.J. Myers,2
Eddy Kayouloud,2
Tim Rowe,1
Zach Norvell Jr.,3
Isiah Jasey,3
Kendale Hampton,1
Fatts Russell,1
Damion Moore,3
Trae Berhow,2
Jhery Matos,1
Josh Caldwell,1
Tye Fagan,1
Mark Laros,1
Issa Thiam,1
K.J. Smith,1
Royce Hamm Jr.,2
Jeremy Joyner,1
Sunday Okeke,1
Desean Murray,1
Isaiah Gable,1
Charles Thomas IV,1
Mohamed Thiam,2
Tim Harrison,1
DeShaw Andrews,2
Tracy Hector Jr.,1
Joe Hugley,1
Eric Ayala,1
David Bottenberg,1
Greg Lee,1
Jaden Sayles,1
Shaun Moss,1
Damien Jefferson,2
Karamoko Cisse,1
Sean Lloyd Jr.,2
Marques Townes,2
Josh Linder,1
Atem Bior,1
Vin Baker Jr.,1
Jacob Epperson,2
DJ Peavy,1
Jordan Little,1
Tyler Streeter,1
Dominic Magee,4
Jacob Rigoni,1
Malik Ondigo,3
Derek Webster Jr.,1
made Dunk. Assisted by Derryck Thornton.,1
Harrison Kay,1
T.J. Lang,1
Jamal Cain,1
Ryan Taylor,1
Nassyr Daniel,1
Jeantal Cylla,1
Trevor Banks,1
Carte'Are Gordon,2
Rod Melton Jr.,1
Christian Hinckson,1
Anthony Smith,1
D'Andre Bernard,2
Shaquille Walters,1
Richard Lee,1
Jaylen Sebree,3
Trey Drechsel,1
Malik Miller,1
Austin Richie,1
KeyShawn Feazell,1
made Dunk. Assisted by Thomas Allen.,2
Cameron Hunter,1
Mason Harrell,2
Jamel McAllister,1
Xavier Fennell,1
Shaun Doss	,1
K.J. Davis,2
JoJo Toppin,1
Deaundrae Ballard,1
Aaron Calixte,1
Jorden Duffy,1
Collins Joseph,1
De'Vondre Perry,1
Brandon Newman,2
Brendan Adams,1
Jayden Saddler,1
Haanif Cheatham,1
McKinley Wright IV,1
Chase Harler,1
Preston Cook,1
Treavon Martin,1
Nikola Scekic,1
Pierfrancesco Oliva,1
Isaiah Fontaine,1
Hunter Thompson,1
Matty McConnell,1
Austin Colbert,1
Mastadi Pitt,1
Sasha French,1
Carson Warren-Newsome,1
Tobias Sjoberg,1
Keith Braxton,1
Matt Rafferty,1
Branden Maughmer,1
Quinton Green,1
Matt Dentlinger,1
Brandone Francis,1
Chuck Champion,1
Mykhailo Yagodin,1
Joe Cremo,1
Ian Steere,1
Elijah Harkless,1
Jan Wojcik,1
Tyler Hamilton,1
Kaelon Harris,1
Mekhii Noble,1
Elijah Burns,1
Jahmar Young Jr.,1
Darnell Edge,1
Chris Clerkley,1
Isaac Fleming,2
Mitchell Smith,2
Chris Lester,1
Albert Odero,1
Shamiel Stevenson,1
