David Efianayi,2640
Grant Williams,2532
Caleb Daniels,2348
Matt Lewis,2136
Chris Porter-Bunton,2029
David McFarland,1933
Landon Taliaferro,1915
Chris Clemons,1896
Deshon Taylor,1876
Alterique Gilbert,1842
Ian DuBose,1825
Alex Copeland,1814
Daniel Kinchen,1776
Justin Wright-Foreman,1710
Mason Jones,1709
Gavin,1656
Cameron Delaney,1631
Joe Mooney,1608
Greg Heckstall,1599
Roberto Gallinat,1569
Travis Weatherington,1501
Trevor John,1450
DeAndre Abram,1450
Kalin Fisher,1404
Jesse Hunt,1386
K.J. Walton,1371
Josh Warren,1362
Marcus Shaver Jr.,1361
Tarkus Ferguson,1325
Shamorie Ponds,1322
Olin Carter III,1299
Daishon Smith,1282
Michael Forrest,1280
Khalil Ahmad,1255
Lindy Waters III,1249
James Foye,1238
Frankie Ferrari,1236
Carson Warren-Newsome,1228
Avi Toomer,1223
Alex Caldwell,1220
Gerrale Gates,1214
B.J. Maxwell,1194
Matt Rafferty,1192
Brandon Better,1185
James Harvey,1161
Kareem South,1156
Triston Simpson,1134
Cameron Tyson,1131
Mike Daum,1110
Makai Mason,1110
Marcus Graves,1086
Jon Axel Gudmundsson,1083
C.J. Bobbitt,1068
Harald Frey,1058
Nate Pierre-Louis,1056
Tres Tinkle,1051
Diandre Wilson,1051
Jonas Harper,1045
Ty-Shon Alexander,1030
Tyrese Williams,1015
Tulio Da Silva,1006
Delfincko Bogan,1006
Jahaad Proctor,1002
CJ Massinburg,998
Jaylin Andrews,995
Darian Adams,982
Justin Jaworski,980
Morgan Taylor,976
Sloan Seymour,974
Shizz Alston Jr.,974
Anthony Masinton-Bonner,967
Asante Gist,964
Dante Thorpe,964
Joe Wieskamp,960
Jordan Barnes,957
Kinnon LaRose,952
Joey Hauser,934
Jeremiah Martin,930
Prince Ali,927
Devonte Bandoo,913
James Palmer Jr.,912
Brae Ivey,912
Isaiah Wright,912
Ryan Fazekas,907
Noah Robotham,905
Jordan Bruner,905
Darnell Edge,904
George Kiernan,901
Brandon Randolph,900
Keaton Wallace,890
Travis Fields Jr.,878
Terrell Gomez,870
Carl Pierre,864
Zane Najdawi,863
Isaiah Blackmon,862
Luke Lawson,860
Jahshire Hardnett,857
Juan Cardenas,852
John Emezie,847
Admiral Schofield,845
Aubrey Dawkins,842
Radshad Davis,841
Sheldon Eberhardt,841
Lew Stallworth,840
Christian Turner,823
E.J. Anosike,823
Ethan Stair,823
Storm Murphy,822
Jose Placer,819
Parker Van Dyke,819
Wynston Tabbs,818
Ryan Andino,815
LJ Figueroa,815
Rio Haskett,806
Jaylon Wilson,803
Trevelin Queen,795
Rashad Williams,793
Marlain Veal,788
O'Showen Williams,787
Aaron Jordan,786
Kim Aiken Jr.,782
Davide Moretti,763
Samir Sehic,763
Aaron Ray,763
Levi Bradley,754
P.J. Hardy,753
Ethan Thompson,751
Moses Greenwood,742
Garrison Mathews,741
Maka Ellis,734
Donovan Sims,731
Jordan Ford,729
Josh Webster,727
Ako Adams,724
Tray Maddox Jr.,720
Aaryn Rai,717
Alex Hicks,710
Quintin Dove,705
JoJo Zamora,700
Matt Rose,698
Joe Kasperzyk,697
PJ Pipes,697
Montae Glenn,693
Joshua Patton,691
Jesus Cruz,691
Raheem Solomon,685
Courtney Stockard,685
Taishaun Johnson,684
Jordan Harris,683
Justice Sueing,682
C.J. Burks,680
Darius Banks,679
Nijal Pearson,679
Jarrett Culver,678
Pat Welch,676
Preston Parks,674
Jamaree Bouyea,664
Javon Greene,664
Nick Weatherspoon,658
Jared Hamilton,657
Sedrick Barefield,656
Jordan Gilliam,654
Jamir Coleman,647
Marcus Harris,643
KJ Byers,642
Scott Plaisance Jr.,641
Josh Sharma,640
Damni Applewhite,631
Sam Hauser,629
Noah Blackwell,627
Torry Johnson,626
Curran Scott,623
Devonte Green,620
Dravon Mangum,618
Jamal Bieniemy,618
Rapolas Ivanauskas,617
David Jean-Baptiste,616
Kyle Guy,615
Michael Jacobson,615
Akwasi Yeboah,613
Dontrell Shuler,613
Jermaine Marrow,611
Kyle Foster,609
Dylan Smith,607
Ajare Sanni,606
Tyrique Jones,605
Evan Leonard,604
Jibreel Faulkner,603
Matt Bradley,602
Nate Sestina,596
Jordon Varnado,594
Mitchell Hahn,593
Braxton Huggins,590
Jerrick Harding,587
made Jumper.,585
Ty Gadsden,584
Josh Anderson,583
Larry McKnight Jr.,582
Kamar Baldwin,580
Jordan Bohannon,578
Marc Gosselin,578
Zach Cooks,576
Cameron McGriff,572
Eric Cooper Jr.,567
Jashawn Talton,566
Jordan Tolbert,564
Jannson Williams,564
James Butler,559
Ameer Bennett,557
Adam Flagler,555
Tyler Kohl,554
Kessler Edwards,554
Desmond Bane,552
Schadrac Casimir,545
LaDavius Draine,545
Aaron Duhart,543
Juan Munoz,543
Randy Brumant,538
Grant Golden,534
Casmir Ochiaka,532
Ronshad Shabazz,531
Shaq Buchanan,527
Jarriesse Blackmon,527
Drew Edwards,524
Dwight Murray Jr.,523
Donovan Greer,522
Tyson Batiste,520
Jacquil Taylor,520
Noah Locke,517
Dalonte Brown,514
Sean Hoehn,513
Makhtar Gueye,510
Bryan Alberts,509
Kevin Degnan,508
Kyle Castlin,505
Darryl Polk Jr.,502
Deion Holmes,502
Matt Frierson,499
Malik Maitland,499
Elijah Harkless,498
Stokley Chaffee Jr.,495
Francois Lewis,494
Nojel Eastern,493
Justin Steers,492
JaColby Pemberton,492
Marreon Jackson,488
Will Richardson,488
Carter Collins,488
Coty Jude,486
Brandon Moore Jr.,485
Emanuel Littles,484
Austin Nehls,482
Sy Chatman,482
Issac Vann,479
T.J. Lang,479
C.J. Williamson,477
Brad Brechting,474
Karlis Silins,474
Markell Johnson,471
Rocky Kreuser,471
Stefan Kenic,469
Amir Harris,465
Jonathan Mitchell,465
Anthony Gaston,465
Mason Harrell,464
Jordan Caruso,460
Dinero Mercurius,459
Wassef Methnani,458
Marcus Sheffield,457
Chris Joyce,454
Marcus Stroman,454
Jonathan Dalton,453
Bryan Urrutia,450
Isaiah Livers,447
Dre Marin,446
Jared Sherfield,443
Eric Ayala,441
Rayshaun Hammonds,440
Nate Fowler,439
Everette Hammond,439
Andrew Eudy,438
Kris Clyburn,436
David Knudsen,435
Jace Hogan,435
Robert Martin,434
Gabe Brown,432
Tyron Brewer,432
Xavier Castaneda,432
Nick Norton,431
Tristan Clark,430
Shea Feehan,428
Timmy Allen,427
Nehemiah Mack,427
Jordan Allen,426
Marcus Bartley,424
Mattias Markusson,421
Diago Quinn,419
Shawn Roundtree,418
Dragan Elkaz,418
Charlie Brown Jr.,415
Andy Pack,414
Anthony Durham,414
Brandon Gonzalez,413
Javier Langarica,411
Miles Latimer,411
AJ Green,409
Bernie Andre,409
Jared Kimbrough,408
Scottie James,407
Dave Morris,403
Jorge Rosa,401
Gabe Kalscheur,399
Matt Halvorsen,397
Brady Ellingson,396
Luka Vulikic,395
Jordan Roberts,394
Kevin McKay,393
Donte Fitzpatrick-Dorsey,392
Maurice Commander,390
James Thompson IV,390
Martaveous McKnight,390
Caleb Stewart,390
Jordan Usher,390
Jhivvan Jackson,389
Robert Baker,383
Jaylin Walker,383
Miller Kopp,383
Tyrn Flowers,380
Jeff Otchere,380
Ezekiel Charles,379
Trent Forrest,379
Victor Bailey Jr.,379
Cory Gensler,378
Myles Powell,378
Vance Johnson,374
Elijah Davis,373
Charles Matthews,373
Cameron Posey,372
K.J. Lawson,372
Tyler Bey,372
Trajan Wesley,371
Donta Hall,370
Nathan Hoover,370
Josh Nebo,367
Ryan Kreklow,367
Caleb Fuller,367
Klay Brown,365
Dennis Ashley,364
Willie Jackson,364
Jordan Tucker,364
Jordan Cohen,362
Chase Jeter,356
Kale Catchings,353
Anthony Green,353
Tripp Davis,353
Sean McDermott,353
Tarin Smith,351
Kevin Marfo,351
Mike Lewis II,350
Axel Mpoyo,348
Tre Scott,347
Max Hazzard,347
Kyrin Galloway,346
Jahlil Jenkins,346
Nyaires Redding,346
Brandon Williams,345
JacQuess Hobbs,345
Damien Daniels,344
Chase Freeman,344
Austin Smellie,343
Dexter Gooding,342
Caleb McConnell,342
Richmond Aririguzoh,342
DeAndre Love,342
Cory Kilby,341
Tyree Crump,341
Zaquavian Smith,340
Karmari Newman,340
Kai Mitchell,338
Cole Gentry,337
Kameron Gibson,336
Dane Kuiper,335
Brian Warren,335
Cane Broome,332
Derek Ogbeide,332
Cam Davis,332
R.J. Kelly,331
Ronald Jackson,331
Nate Laszewski,330
Gavin Peppers,330
David Kralj,330
Matt Faw,329
Derrik Jamerson Jr.,329
Alex Petrie,326
Hassan Hussein,324
Israel Barnes,324
Henry Baddley,322
Ethan Wright,321
Lucas N'Guessan,320
Bennie Boatwright,320
Cortez Edwards,320
Bryce Aiken,319
Ty Cockfield,319
Jalen Crutchfield,319
Ernie Duncan,319
Tyere Marshall,319
Jared Pearre,319
Andrew Petcash,318
Terrell Allen,317
Simeon Carter,315
Brocke Stepteau,315
Trevond Barnes,315
Chris Clover,314
Kenny Williams,313
Matt Wilson,312
Kamani Johnson,311
Paulius Zalys,311
Keon Clergeot,311
Brandon Anderson,310
Ladan Ricketts,310
Brock Miller,310
Hasahn French,309
Julius Johnson,307
Samajae Haynes-Jones,307
Jaylen Fornes,306
Daejon Davis,306
Zigmars Raimo,305
Kevion Nolan,305
Amir Allen,304
Maik Kotsar,303
Harrison Butler,303
Ayo Akinwole,302
Justin Ahrens,301
Jarred Godfrey,301
Horace Spencer,299
Clyde Trapp,299
Quinton Rose,299
Isaiah Gable,298
Jeremiah Bailey,297
Trey Spencer,297
Jared Butler,296
Tobi Ewuosho,296
Isaiah Miller,296
Christian Mekowulu,295
Lovell Cabbil Jr.,295
Herbert Jones,295
Marcellus Garrick,295
Drew Cobb,294
Jordan Andrews,293
Michael Green,293
Cooper Kaifes,292
Jaylen Sims,291
Marques Bolden,290
David Crisp,290
Keaton Van Soelen,290
Jaume Sorolla,290
Justin Ravenel,289
Anthony Nelson,289
Tyrone Nesby IV,288
Maurice Howard,288
Mark Smith,288
Thornton Scott,288
Detrick Mostella,287
Brandon McGhee,287
James Dickey,286
Chris Darrington,285
Callum McRae,284
Zach Hunsaker,284
Jordan Whitfield,284
Michael Nzei,282
Nicolas Claxton,281
Jordan Cintron,280
Trevon Taylor,280
Lacey James,279
C.J. Kelly,279
Jacob Boonyasith,279
Carlik Jones,278
Shamarkus Kennedy,276
Zach Scott,276
Isaiah Coleman-Lands,276
D'Mitrik Trice,275
A.J. Lawson,275
Jon Axel Gudmunsson,275
Ben Pyle,273
Eugene Omoruyi,272
Devin Gage,272
Isaiah Jackson,272
Hayden Farquhar,271
Zach Pirog,270
Jalon Clark,270
Demarius Jacobs,270
Leonard Harper-Baker,270
Cody Martin,270
Lamar Norman Jr.,268
Bol Bol,268
Christian Juzang,268
Ishmael El-Amin,267
Yor Anei,267
Jayden Martinez,267
Tyrese Haliburton,266
Sam Merrill,266
Dontay Caruthers,265
Nate Navigato,264
Troy Harper,264
Fletcher Tynen,262
Kurk Lee,262
made Free Throw.,262
James Fives,262
Trent Buttrick,262
James Karnik,261
Keandre Cook,259
Keith Stone,258
Ernest Aflakpui,257
Martin Krampelj,256
Garrison Goode,255
Will Emery,255
Fausto Pichardo,253
Jal Bijiek,252
Josh Gantz,252
Tariq Owens,252
Steven Julian,252
Shannon Bogues,251
Peter Barba,250
Nick Muszynski,250
J.P. Moorman II,250
Taurus Samuels,250
Abdulai Bundu,249
Jimbo Lull,248
Chris Martin,247
Lysander Bracey,246
DJ Draper,246
Brandon Austin,246
Albert Almanza,245
Jared Chatham,245
Andre Gustavson,245
Zach Gunn,243
Max Curran,242
Jordan Miller,242
Ountae Campbell,242
Zac Watson,241
Anthony Roberts,240
Aleksandar Zecevic,240
Juwan Durham,240
Craig LeCesne,239
B.J. Taylor,239
Alani Moore II,238
Ricky Nelson,237
Dana Batt,236
Tyrell Johnson,234
M.J. Walker,234
Jeremiah Buford,234
Jalen Adaway,232
Luke Maye,232
Trejon Jacob,232
Andre Jackson,231
J'Von McCormick,230
Isaac Suffren,229
Aaron Henry,229
Josh Alexander,229
DJ Jones,228
Sherwyn Devonish-Prince Jr.,226
Josh McNair,225
Darius George,225
Richard Harward,224
Victor Curry,224
Marcus DeBerry,224
Jeremy Peck,224
Dwayne Lautier-Ogunleye,224
Glynn Watson Jr.,223
Ty Taylor II,222
Antoine Vernon,221
Destin Dunton,220
Aboubacar Diallo,219
Olivier Sarr,219
Wesley Harris,219
Joe Quintana,219
Ricky Council II,219
Rob Phinisee,219
Michael Devoe,217
Christian Carson,216
Addison Hill,216
Jacob Wiley,215
Cayne Edwards,215
A.J. John,215
Dane Goodwin,215
Jacoby Ross,215
Jarrett Givens,215
Elvis Harvey,213
Ed Croswell,213
Mike Smith,212
Gary Chivichyan,212
Bul Ajang,210
Myles Cherry,210
Keshon Montague,210
Samuta Avea,210
Jure Span,210
Terrance Banyard,210
Christian Peevy,208
Jake Hendricks,208
Xavier Hallinan,207
Solomon Uyaelunmo,207
Marcquise Reed,207
Isaac Chatman,207
Jimmy Whitt Jr.,206
Marlon Taylor,205
Gerard Martin,205
Spencer Franklin,204
Zion Cousins,204
LaDarien Griffin,201
Ben Perez,201
Kris Wooten,200
Allen Betrand,200
Cole Baker,198
Collins Joseph,198
Nych Smith,198
Makol Mawien,198
Rob Edwards,198
Jailan Haslem,198
Jonathan Norfleet,197
Eric Terry,197
Jeremy Hemsley,197
Allante Holston,196
Jermaine Ukaegbu,195
Jalen Tate,195
Aaron Weidenaar,193
Aaron Clarke,193
Matt McQuaid,192
Ajiri Ogemuno-Johnson,192
Jalen Smith,192
Micheal Anumba,191
Chris Sullivan,191
Rayjon Tucker,191
Markus Golder,191
Kent Auslander,190
Zach Radz,189
Losini Kamara,187
Alex Vilarino,186
Max Mahoney,186
Ashton Hagans,185
Malek Green,184
Oscar Frayer,184
Mikel Beyers,183
Luke Hamilton,183
Paschal Chukwu,182
Trayvon Reed,182
Trevion Brown,182
TJ Haws,182
Jalen Adams,181
Jalen Ray,181
Cole Long,180
Marcale Lotts,180
Mahamadou Kaba-Camara,180
Allin Blunt,180
Josh Coleman,180
Taurean Thompson,178
Chris Silva,178
Obediah Church,178
Michael Akuchie,177
Nate Johnson,176
Garrett Pascoe,174
Devonaire Doutrive,174
Davonte Fitzgerald,174
Isaiah Hart,173
Abel Porter,172
Max Heidegger,172
KJ Robinson,172
Austin Fadal,171
Jalone Friday,171
Hank Hollingsworth,171
Kihei Clark,170
Jordan Little,170
John Meeks,170
Alonzo Campbell,169
Garrison Brooks,166
Scott Blakney,166
Nick Harris,166
Juhwan Harris-Dyson,166
Alonzo Walker,164
Ben Vander Plas,164
Thatch Unruh,164
Reggie Chaney,163
Moses Wood,162
Jock Perry,162
Colen Gaynor,162
Jake Kuhn,162
Justin James,162
Keon Williams,161
Damari Milstead,161
Daniel Venzant,160
Anthony Ochefu,160
Kody Shubert,160
D.J. Weaver,160
Jayden Saddler,159
Zach Reichle,158
Grehlon Easter,158
Cletrell Pope,158
Brekkott Chapman,158
Eric Williams Jr.,158
Tristin Walley,157
Oscar Da Silva,156
Lavar Harewood,156
Sebastian Much,156
Taylor Funk,156
Chevez Goodwin,155
Grady Eifert,155
Trevion Williams,155
Denny Slay,154
Simisola Shittu,154
Kyle Leufroy,154
Both Gach,154
Aaron Thompson,154
Jordan Geist,153
Jerry Johnson Jr.,152
Danilo Djuricic,152
Jamorko Pickett,151
Yuat Alok,150
Darius Garland,150
Robert Woodard,150
Bo Blight,150
Majur Majak,150
Matt McCarthy,150
Tyler Streeter,149
McKay Cannon,149
Dee Barnes,149
Antonio Williams,149
DJ Funderburk,149
Edon Maxhuni,149
Sam Waardenburg,147
Jeriah Horne,147
Kyler Edwards,147
Marquell Fraser,147
Danny Garrick,146
Felix Lemetti,146
Roosevelt Smart,146
Brooks DeBisschop,146
Jeremy Smith,145
Nicolas Fennell,145
Trey Edwards,144
Ty Perry,144
Jacob Guest,144
Pedro Bradshaw,144
Kuba Niziol,144
Abayomi Iyiola,144
Matt Haarms,143
Shakur Juiston,142
Jalen Coleman-Lands,142
Paul Reed,142
Kevin Obanor,142
Ochai Agbaji,141
Christian Anigwe,141
Jeremiah Bell,141
Romaro Gill,140
Jalen Hill,140
Dominic Magee,140
Devin Vassell,139
Jaquan Dotson,139
Connor Kern,138
Cameron Young,138
JaQualis Matlock,137
Kendale Hampton,136
Nathan Bain,136
Lavelle Scottie,136
Kenny Wooten,136
Shaun Neal-Williams,135
Tauriawn Knight,135
Mustapha Traore,135
Sal Nuhu,135
Markell Lodge,135
Tyree White,134
Jack Purchase,134
Jason Strong,134
Brendan Bailey,133
Ryan Johnson,133
Jerekius Davis,132
Kalu Ezikpe,131
Jamie Ahale,131
Tyreek Scott-Grayson,131
J.C. Show,131
Jordan McNeil,131
A.J. Banks,130
Houston Smith,130
Joseph Lanzi,130
Tony Lewis,128
Marcus Thomas,127
Patrick Emilien,127
Eddie Reese,127
Yves Pons,126
Andre Toure,126
Jailyn Ingram,126
Brendan Medley-Bacon,125
Grant Anticevich,125
Tamenang Choh,125
Kylor Kelley,125
Kevin McClain,125
Dexter Dennis,125
Matt Johns,124
Thorir Thorbjarnarson,124
Fardaws Aimaq,124
Tanner Krebs,124
Kejuan Johnson-Alls,121
Tanner Borchardt,121
Andre Adams,121
DaQuan Jeffries,121
Austin Mueller,120
Osa Wilson,120
Elias Valtonen,120
Justin Jenkins,120
Alan Vest,120
Jacob Cushing,119
George Mawanda-Kalema,119
Jordan Schakel,119
Junior Ballard,119
Vince Williams,118
Ja'Cor Nelson,118
Jahnathan Maxwell,117
Breaon Brady,117
Keldon Johnson,117
Aramani Hill,117
Terry Harris,116
Hayden Schenck,114
Zach Jacobs,114
Corey Tillery,114
Kimani Lawrence,114
Seventh Woods,113
Adam Lulka,113
Joey Glynn,112
John Knight III,112
Travis McConico,112
Myron Gordon,112
Bailey Patella,112
Jose Morales,112
Musa Jallow,111
Micaiah Henry,111
Anthony Mathis,111
Michael Finke,110
AJ Wilson,110
Alex Barcello,110
Myles Thompson,109
made Three Point Jumper.,108
Haize Fornstrom,108
Kris Monroe,108
Dajour Dickens,108
Kerry Blackshear Jr.,108
Kaelen Malone,107
Andre Washington,106
Kyle Allman,105
Andrew Gordon,105
Daniel Oturu,105
Rodney Henderson Jr.,105
Robert McCoy,104
Austin Butler,103
EJ Montgomery,102
Alan Griffin,102
Dusan Kovacevic,102
David Mitchell,102
Connor MacDougall,102
Lorenzo Edwards,100
Stan Scott,100
Jalen Carey,100
Kevin Zhang,99
BJ Fitzgerald,99
Osun Osunniyi,99
Ryan Kriener,98
Caleb Fields,98
Marquis Moore,98
John Kiser,97
Mike Parks Jr.,96
Cam Reddish,96
Terry Winn III,96
Keyshawn Woods,96
Mezie Offurum,95
Nick Blair,95
Venjie Wallis,95
Richard Anderson,94
Matej Kavas,94
Akim Mitchell,93
Rashaad Goolsby,92
Jonathan Galloway,92
Dontelius Ross,92
Nate Grimes,92
Steal.,91
Matt Beachler,91
Luka Garza,91
Riley Battin,91
Wanjang Tut,90
Micah Robinson,90
James Harrison Jr.,90
Marquise Mosley,90
Eric Curry,90
Miks Antoms,90
Clay Gayman,90
Calvin Whipple,90
Jordan Guest,90
Derrick Bruce,89
Greg Williams Jr.,88
Jamal Wright,88
Brevin Galloway,88
Dalano Banton,88
CJ Williamson,87
Nick Emery,87
Kristian Doolittle,87
Eli Scott,86
Dylan Windler,86
Michael Durr,85
Sasha Stefanovic,84
Damezi Anderson,84
Kaleb Hunter,84
Tim Rowe,84
Akiem Daschner,84
Kevaughn Ellis,84
Daxton Carr,84
Xavian Stapleton,83
Nik Mains,83
Andres Ibarguen,83
Jalanni White,81
Tre Campbell,81
Tre Jones,81
Ryan Preston,80
Robinson Idehen,80
Oliver Lynch-Daniels,80
Eric Hamilton,80
made Layup.,80
Quade Green,79
Jacob Calloway,79
Ibrahim Sylla,79
Travis Atson,78
Jose Martinez,77
Eugene Witherspoon,77
Tywhon Pickford,77
Brandon Knapper,76
Hyron Edwards,76
Deng Gak,75
Wyatt Walker,75
Akiean Frederick,75
CJ White,75
Jack Clark,75
Amadi Ikpeze,74
Devan Straub,74
Cory Hightower,74
Jordan McKenzie,74
DJ Bryant,74
Jaylen Key,73
Deante Strickland,73
Brandon Newman,72
Bobby Parker,72
Darrin Person Jr.,72
Kavion Pippen,72
Dante Treacy,72
Keenan Gumbs,72
Jason Dunne,72
Brady Manek,71
Malik Brevard,70
Derrick Woods,70
Andre Kelly,70
Noe Anabir,70
Justice Obasohan,69
Eric Jamison Jr.,69
Dominic Green,69
Keleaf Tate,69
Josh Jefferson,69
Jontrell Walker,68
Stacy Beckton Jr.,68
Myles Cephas,67
Cameron Diggs,67
Elijah McCadden,67
Clevon Brown,67
Keljin Blevins,67
Ike Nweke,66
Jermaine Harris,66
Tye Fagan,66
Prince Moss,66
Evan Wiley,65
Hayden Brown,65
Sam Timmins,65
Abdoulaye Harouna,65
Deishuan Booker,65
Eric Monroe,64
Alex Thomas,64
Tyrik Armstrong,64
Trey Doomes,63
Caleb Catto,63
Aamir Simms,63
Jarred Dixon,63
Frank Howard,61
Michal Kozak,61
Dainan Swoope,60
Akoy Agau,60
Elbert Robinson III,60
made Layup. Assisted by Xzavier Malone-Key.,60
Quayson Williams,60
Zay Williams,60
D'Andre Johnson,60
Romello White,60
Kamaka Hepa,60
Ed Morrow,60
Justin Davis,60
Malek Harwell,60
Dean Wade,59
Andres Feliz,59
Jordan Horn,59
Nigel Hawkins,59
Josiah Wallace,59
Tyler Seibring,57
Jeremy Harris,57
Michael Kolawole,56
Marty Hill,56
Skyler Hogan,56
Adam Grant,56
Josh Parrish,55
Jabari Narcis,55
RJ Nembhard,55
Walter Ellis,54
Elijah Hardy,54
Greg Jones,54
Nick Hopkins,54
Mattia Da Campo,54
John Norvel,54
Hunter Shelton,54
Damion Squire,54
Nicholas Baer,54
Jahmari Etienne,54
Bam Bowman,53
Richardson Maitre,53
Joey Brunk,52
Dominick Pickett,52
Matt Jackson,51
Flo Thamba,51
Kyle Ahrens,51
Jacobi Gordon,51
Tracy Hector Jr.,51
Derek St. Hilaire,50
Nathan Mensah,49
Eral Penn,49
Jason Richardson,49
Immanuel Quickley,49
Jr. Sharone Wright,48
Diego Willis,48
Ahmad Frost,48
Trevon Faulkner,48
Cedrick Alley Jr.,48
Ben Coupet Jr.,46
Dylan Hastings,46
Kooper Kidgell,45
Block.,45
Tyler Stewart,45
Dan Dwyer,45
Tyler Reynolds,45
Dee Mitchell,45
Chris Collins,45
Tim Cameron,45
Tevin Brown,45
Mason McMurray,44
Dwayne Cohill,44
Myles Lewis,44
Adrian Nelson,44
Jaiveon Eaves,44
Jael Scott,44
Ben Shungu,44
Thomas Huerter Jr.,44
Parker Ernsthausen,43
Ivan Cucak,42
Nassir Little,42
Sam Masten,42
Willy Nunez Jr.,41
K.J. Riley,41
James Baker,41
Oscar da Silva,41
Levi Stockard III,40
Ozante Fields,40
Terrance Lacey,40
Malik Riddle,40
Ian Sistare,40
Asbjorn Midtgaard,39
Jay Estime',39
Zach Walton,38
Sedee Keita,38
Alex Rivera,38
Romani Hansen,38
Iwin Ellis,38
Alex Olesinski,37
Ashtyn Bradley,37
New Williams,37
Javon Freeman,37
Zep Jasper,37
Vic Law,37
Ebube Ebube,37
Vante Hendrix,36
Donaven Dorsey,36
Desure Buie,36
Jack Hansen,36
Gerard Andrus,35
Jalyn Patterson,35
Isaac White,35
Montraz Oliver,34
Jamir Moultrie,34
Dee Montgomery,34
Ithiel Horton,34
Max Twyman,33
Noah McCarty,32
Ryan Schwieger,32
Thik Bol,32
Carter Skaggs,32
Tyler Scanlon,32
Flynn Cameron,31
John Sellars,31
Ezekiel Balogun,31
Quamauri Hardy,31
Mate Colina,31
Jahmar Young Jr.,31
Ra'Shawn Langston,31
Emmitt Holt,30
Thomas Booker,30
Jontray Harris,30
Kaleb Johnson,30
Jeff Coulanges,30
Gligorije Rakocevic,30
Deion Hammond,30
De'Andre Hunter,30
Davante Cooper,30
Uche Dibiamaka,30
Jeantal Cylla,30
Christian Willis,29
Mileek McMillan,29
Luke Avdalovic,29
Saddiq Bey,29
Jalen Hudson,28
Tyler Polley,28
Darrell Brown,28
Devante Jackson,28
Adrease Jackson,28
Mark Crowe,28
John Edgar Jr.,27
Joe Cremo,27
Trey Murphy III,27
Justin Hopkins,26
Trey Johnson,26
Deante Johnson,26
Jules Moor,26
Greg Malinowski,26
Marlon Hunter,26
SK Shittu,25
Justyn Hamilton,25
Giorgi Bezhanishvili,25
Derek Brown,25
Dujuanta Weaver,25
Trey Mourning,24
Jordan Goldwire,24
Nysier Brooks,24
Darius Hines,24
Jonathan Laurent,24
Emmanuel Ejeh,24
Caleb Morris,24
Rob Peterson III,23
Walter Jones Jr.,23
Szymon Wojcik,22
Eze Dike,22
Donovan Gilmore,22
Lazaro Rojas,22
Jordan Bell,22
Donoven Carlisle,22
Ezekiel Richards,22
Brandon Porter,22
Joe Bryant Jr.,22
Devin Kirby,22
Lukas Jarrett,22
Alja Kunc,22
Michael Dunne,22
Isaac Mbuyamba,22
Travis Munnings,22
Jr. Antonio Daye,21
Iii Lindy Waters,21
Nick Rutherford,21
Kendal Manuel,21
Devante Foster,20
Jason Carter made Layup. Assisted by Gavin,20
Brent Hank,20
LaCurtis Allen,20
Kyle Alexander,20
Iran Bennett,20
Doug Taylor made Dunk. Assisted by Gavin,20
Eddy Kayouloud,20
Vladimir Pinchuk,20
Antonio Cowart Jr.,19
Nik Popovic,19
Justin Minaya,18
Hasan Abdullah,18
Bruno Fernando,18
Kolby Lee,18
Damien Jefferson,18
Jamar Madge,18
Cedric Boone,17
Jalen McDaniels,17
Christian Williams,17
Andrew Kostecka,17
Jericho Sims,16
Stevan Krtinic,16
Ivan Aurrecoechea,16
Aaron Cook,16
Tyreke Key,16
Ted McCree,16
Novak Topalovic,15
Emir Ahmedic,15
Tanner Schmit,15
George Conditt IV,15
Zoran Talley Jr.,15
Myo Baxter-Bell,15
AJ Cheeseman,15
Lawrence Mosley,15
Pat McNamara,15
Shaquillo Fritz,15
Sayveon McEwen,15
Jalen Seegars,15
Mike Davis,15
Derric Jean,15
Nino Hernandez,14
Emmanuel Olojakpoke,14
Elyjah Goss,14
Reggie Perry,14
Yilret Yiljep,13
Matey Juric,13
Jon Williams,13
Vin Baker Jr.,12
Nelson Nweke,12
Michael Johnson,12
Andrew Ferguson,12
Mike Underwood,12
Boe Nguidjol,12
Ike Smith,12
Larry Motuzis,11
Dwayne Brown Jr.,11
Rusty Moorer,11
Jamel Allen,11
Chris Coalmon,10
Khadim Samb,10
Tyler Creammer,10
Justin Williams,10
Marcus Mitchell,10
Karrington Wallace,9
Noah Plain,9
Jared Rice,9
Josh Rosario,9
Ian Kinard,9
Kaleb Bishop,9
Keondre Schumacher,8
Houston King,8
Aljaz Kunc,8
Bryson Robinson,8
Cameron Lard,8
Jamie Orme,8
Anthony Smith,6
D'Angelo West,6
Troy Holston,5
Charles Jones Jr,5
Liam Robbins,5
Logan Power,5
Jordan Poole,5
Jeremy Jones,5
Mubarak Muhammed,4
Buddy Boeheim,3
Alonzo Sule,3
Brandon Younger,3
Jordan Nobles,2
Frank Bertz,2
Dayton ,0
Jordan Campbell,0
Antanee Pinkard,0
Kyle Clark,0
KC Hankton,0
Dwayne Morgan,0
Deaundrae Ballard,0
Mike Okauru,0
Elijah Barnes,0
Tim Graham,0
T.J. Parham,0
Eli Parquet,0
Duke ,0
Tamir Bynum,0
JC Butler,0
UNC Greensboro ,0
Patrick Geha,0
UMBC ,0
Ben Kinker,0
Mike James Jr.,0
Tyler Behrendt,0
Tate Pierson,0
Zachary Allison,0
Omar Silverio,0
Donald Gipson,0
Jared Jenkins,0
Qon Murphy,0
Simon Falokun,0
Sam Houston State ,0
Mitchell Smith,0
Anthony Bilas,0
Florida State ,0
Ivan Bender,0
Tayler Mattos,0
Hameir Wright,0
Adam Mitola,0
Kyle Copeland,0
Marcellus Earlington,0
Antonio Pilipovic,0
Jordan Williams,0
Frank Byers,0
Omaha ,0
New Orleans ,0
Chaz Mack,0
Kavonte Ivery,0
Pierson McAtee,0
Grand Canyon ,0
Justin Cole,0
Souleymane Koureissi,0
Hawai'i ,0
Nigel Marshall,0
Armon Brummett,0
Breamon Richard,0
Isaiah Fontaine,0
Anfernee Hampton,0
Adam Kunkel,0
Purdue ,0
Brandon Wade,0
Reese Mona,0
Purdue Fort Wayne ,0
Robert Morris ,0
Blake Harris,0
Marcus Littles,0
Lucian Brownlee,0
Jahvon Quinerly,0
Josh Cottrell,0
DePaul ,0
Jeremy Roscoe,0
Nicholls ,0
UMass Lowell ,0
Alex Mudronja,0
R.J. Gladney,0
Dibaji Walker,0
North Dakota State ,0
Syracuse ,0
Tamell Pearson,0
Javan White,0
Luke Rosinski,0
Sammy Jones,0
Ethan Kay,0
Allen Hatchett Jr.,0
IUPUI ,0
Justin Dahl,0
Brock Stull,0
Sam Dowd,0
Lyrik Shreiner,0
Bryan Knapp,0
Shembari Phillips,0
Furman ,0
Matty Smith,0
Amir Hicks,0
Willie Herenton,0
Antonio Coward Jr.,0
Ray Jerome,0
Jeremiah Dickerson,0
Beau Rydalch,0
Matthew Johnson,0
Brendan Rumel,0
William Brown,0
Dominik Fragala,0
Tai Strickland,0
James Bridges,0
Ben Carter,0
Corey Johnson,0
Ra Kpedi,0
Trey Jemison,0
Hayden Nelson,0
Gamaun Boykin,0
Malcolm Porter,0
Alperen Kurnaz,0
Pat Andree,0
Jeff Pollard,0
Chris McIntosh,0
Khalil Spencer,0
Christian Harrison,0
Chris Brandon,0
Shawn Olden,0
Kenny Aninye,0
Keegan McDowell,0
Illinois State ,0
Ryan Krueger,0
Jordan Furlough,0
Ivan Madunic,0
Matt Chism,0
Michael Feinberg,0
Dartmouth ,0
Darien Jackson,0
Charleston Southern ,0
Jaylan McGill,0
Ball State ,0
Jalen Sanders,-1
Mekhi Lairy,-2
Darius Beane,-2
Jimmy Nichols Jr.,-3
Alex Ennis,-3
Jhery Matos,-4
Trevor Moore,-4
Olamide Pedersen,-4
Charles Bain,-4
Jordan Perkins,-4
Tajion Jones,-4
Zion Young,-4
Brison Gresham,-4
Pauly Paulicap,-4
Malik Massey,-5
Elvin Rodriguez,-5
Byron Frohnen,-5
Kobe Magee,-6
Jawaun Newton,-6
Ryan Pippins,-6
Shabooty Phillips,-6
Geno West,-6
Junior Farquhar,-6
Arthur Johnson,-6
Atem Bior,-7
Isaih Moore,-8
Kene Chukwuka,-8
Josh Aldrich,-8
Kerwin Smith,-8
Taqwain Drummond,-8
Leland Green,-8
Emondre Rickman,-8
Zeke Richards,-9
Decardo Day,-9
Tevian Jones,-9
Mawdo Sallah,-9
Aleks Abrams,-9
Brooks King,-9
Jock Hughes,-9
Leon Sneed,-9
Yanni Wetzell,-9
Isaiah Poor Bear-Chandler,-9
Cole Swider,-10
Abdul Ado,-10
Andrew Okorodudu,-10
Clayton Le Sann,-10
Isaiah Bujdoso,-11
Tevin Mack,-11
Michigan State ,-12
Ryan Greer,-12
Eric Rwahwire,-12
Will Culliton,-12
Darius Days,-12
Austin Awad,-12
Nahziah Carter,-12
Nate Jones,-12
Bryant Mocaby,-12
Wyatt Lowell,-12
Utah ,-12
Jason Douglas-Stanley,-12
Jake Ohmer,-12
Jaiden Delaire,-12
Joe Toye,-12
Karim Ezzeddine,-12
North Texas ,-12
Elijah Thomas,-12
Donnie Tillman,-12
Koch Bar,-12
Bentiu Panoam,-12
Matiss Kulackovskis,-13
Nat Dixon,-13
Michael Benkert,-13
Pierfrancesco Oliva,-14
Daeqwon Plowden,-14
Ronnie Suggs,-14
Dererk Pardon,-14
Keith McGee,-14
Matt Freeman,-14
Malik Hines,-14
Taeshon Cherry,-14
Austin Phyfe,-15
Tope Arikawe,-15
Landon Goesling,-15
Michael Douglas,-15
Boston University ,-15
T.J. Moss,-15
Maurice Calloo,-15
Air Force ,-15
D.J. Jackson,-15
Troy Whiteside,-15
Zavier Simpson,-15
Henry Welsh,-15
Greg Bowie Ii,-16
Solomon Hainna,-16
Corey Douglas,-16
Malachi De Sousa,-17
Kalif Young,-17
David Nichols,-17
Tre Todd,-17
Rod Melton Jr.,-18
Rashun Williams,-18
Charles Norman,-18
RaySean Scott Jr.,-18
Khwan Fore,-18
Ronald Lucas,-18
Lemmie Howard,-18
Reginal Johnson,-18
Georgia Tech ,-18
Matthew Moyer,-18
Samir Doughty,-18
Deshawn Corprew,-18
Cameron Underwood,-18
Norense Odiase,-19
Nick Richards,-20
Lamonte Turner,-20
P.J. Horne,-20
Taavi Jurkatamm,-20
Tyler Jones,-20
Leo Goodman,-20
Keigan Kerby,-20
Jr Jerry Johnson,-21
Dallas Polk-Hillard,-21
Josiah Strong,-21
Taevon Horton,-21
Justin Bean,-21
Precious Ayah,-21
Dan Fotu,-21
Antwan Maxwell Jr.,-21
Jake Montgomery,-21
Jevon Smith,-22
Antione Lister,-22
Trey Hopkins,-22
Myles Hutchinson,-22
Ty Outlaw,-22
Shamar Givance,-22
Armani Collins,-23
RayQuawndis Mitchell,-23
UConn ,-24
Johnny Crnogorac,-24
Xavier ,-24
Texas Tech ,-24
Parker Edwards,-24
Arizona State ,-24
Pepperdine ,-24
Georgia State ,-24
Bucknell ,-24
Mamadi Diakite,-24
Villanova ,-24
Eli Pepper,-24
Jahbril Price-Noel,-25
Ryan McMahon,-25
Jay Huff,-26
John Hall,-26
Wayne Arnold,-27
Corey Henson,-28
Damon Wilson,-28
Adrian Martin,-28
Jayden Hodgson,-28
Ryan Welage,-28
Tiandre Jackson-Young,-29
Jericole Hellems,-29
Kendarius Smith,-29
Will Butler,-29
Fabian White Jr.,-29
Kendall Stubblefield,-30
Jovan Grujic,-30
Matt Dentlinger,-30
Race Thompson,-30
Samuel Dingba,-30
KJ Williams,-30
Braxton Key,-30
Kobe Dickson,-30
Isaac Bassey,-30
Jared Printy,-30
Dan Jech,-30
Gene Davis,-30
Jaycob Payne,-31
DJ Peavy,-31
Marlon Hargis,-31
Kjell de Graaf,-31
Ivan Alipiev,-31
John Weger,-31
Coletrane Washington,-31
Malik Miller,-31
Tyler Burgess,-31
Elijah Weaver,-31
Gintaras Bartaskas,-31
Emmanuel Nzekwesi,-31
Danny Lewis,-31
Paul Newman,-32
Chancellor Ellis,-32
Chris Vogt,-32
Alpha Okoli,-32
Daylen Kountz,-33
Ricky Torres,-33
Mario Kegler,-33
Nate Louis,-34
Davion Buster,-34
Nick McGlynn,-34
Jake Killingsworth,-34
Anthony Townes,-34
Tahjai Teague,-34
Eric Lockett,-35
Chibueze Jacobs,-35
Hugh Hogland,-35
Seth Adelsperger,-35
Isaiah Brown,-35
De'Von Cooper,-35
Deontaye Buskey,-35
Grambling ,-36
Portland State ,-36
Marcus Bingham Jr.,-36
South Dakota State ,-36
CSU Bakersfield ,-36
Bethune-Cookman ,-36
Ethan Igbanugo,-36
Western Kentucky ,-36
Jemarl Baker,-36
Aric Holman,-36
Marcus Burwell,-36
Cleveland State ,-36
Josh McSwiggan,-36
Chattanooga ,-36
Isaiah Pineiro,-36
Miles Brookins,-37
Jackson Stent,-37
Jaime Echenique,-37
Devon Brewer,-38
Kevin Puryear,-38
Jake Wright,-38
Justin Edler-Davis,-39
Keyshawn Embery-Simpson,-39
Hunter Maldonado,-39
Travon Bunch,-40
Mohamed Thiam,-40
Stacey Thomas,-40
Matt Zignorski,-40
Jon Teske,-40
Calvin Martin,-40
AJ Edu,-40
Geno Crandall,-40
John Pettway,-40
Fletcher Magee,-40
Gary Blackston,-41
Kane Williams,-41
Johnny Wang,-41
Matt Pile,-41
Devin Cannady,-41
Evan Boudreaux,-42
DeShaun Wade,-42
Dantai St. Louis,-42
Johncarlos Reyes,-42
Dylan Ostekowski,-42
Juwan Williams,-42
Quinn Clinton,-42
Tervell Beck,-42
David Nzekwesi,-42
Taelyr Gatlin,-42
Brendan Adams,-42
D'Marco Baucum,-42
Jesse Love,-42
Lonnie Grayson,-42
K.J. Scott,-42
Kobe King,-43
Tareq Coburn,-44
Gairges Daow,-44
Ehab Amin,-44
Ja Morant,-44
Franklin Agunanne,-45
Sean Good,-45
Karlis Garoza,-45
Paul Djoko,-45
Amari Kelly,-45
Algevon Eichelberger,-45
Adokiye Iyaye,-45
Abu Kigab,-45
AJ Farrar,-46
Baylee Steele,-46
Sidney Umude,-46
Galin Smith,-47
Justin Kier,-47
Kris Wilkes,-47
Patrick Szpir,-47
Wichita State ,-48
Paul Atkinson,-48
Isaiah Nichols,-48
Daryl Edwards,-48
Chicago State ,-48
Clemson ,-48
Liberty ,-48
Quentin Guliford,-48
Oakland ,-48
Jeremiah Bozeman,-48
Matthew Mayer,-48
Murray State ,-48
Daniel Love,-48
Soufiyane Diakite,-48
Lamar ,-48
Max Johns,-48
Devin Thomas,-48
Tory Stewart-Miller,-48
Lucas Jones,-48
Dondre Griffin,-49
Rickey McGill,-49
Rex Pflueger,-50
Ronaldo Segu,-50
Brandon Morley,-50
Isaiah Roby,-50
Stuckey Mosley,-50
Jervae Robinson,-50
Jared Bynum,-50
Nasir Core,-51
Ira Lee,-51
Bjorn Broman,-51
De'Torrion Ware,-51
Darnell Dunn,-51
Jack Williams,-51
Brion Sanchious,-52
Chris Quayle,-52
De'Quon Lake,-52
Jordan Butler,-52
Jacob Holland,-53
Drew Peterson,-53
Khalid Moore,-53
Vilgot Larsson,-53
Jonathan Floyd,-54
Faite Williams,-54
Aguir Agau,-54
John Kitoko,-54
Southern ,-54
Andrew Morrissey,-54
Chris Bowling,-54
Bryce Workman,-54
Payten Ricks,-54
Ethan Lasko,-54
Jacob Tryon,-54
Leroy Butts IV,-54
Keve Aluma,-54
Jarred Reuter,-55
Ryan Luther,-55
Jack Gordon,-55
Zach McRoberts,-56
Zavier Peart,-56
Ebuka Izundu,-56
RJ Williams,-56
Victor Ohia Obioha,-57
Matija Milin,-57
Josh Hopkins,-58
Bodie Hume,-58
Hunter Vick,-58
Cameron Jones,-58
Trace Young,-59
Tennessee Tech ,-60
Mickey Mitchell,-60
New Mexico ,-60
Hunter Crist,-60
Brown ,-60
Malik Burnett,-60
Cartrell Thompson,-60
Demetrius Mims,-60
Pacific ,-60
Devin Gilmore,-60
Isaiah Martin,-60
Labis Filippou,-60
Danny Dixon,-60
Darius Perry,-60
Elijah Schmidt,-61
Cade Crosland,-62
Marquis Godwin,-62
Marek Nelson,-62
Traylin Prejean,-63
Channel Banks,-63
Jaire Grayer,-63
Bryan Trimble Jr.,-63
Trevor Blackmon,-63
Kaosi Ezeagu,-63
Randall Gaskins Jr.,-63
Davon Clare,-63
Tacko Fall,-63
Dhamir Cosby-Roundtree,-63
Rylan Bergersen,-63
Alex Arians,-64
Roman Davis,-65
Dontay Bassett,-66
Greg Parham,-66
Aaron Nettles,-66
Devocio Butler,-66
Jaylen Hands,-66
Skyelar Potter,-67
Chandler Davis,-68
Keyon Jones,-68
Nigel Jackson,-68
Brendon Gooch,-68
Irshaad Hunte,-69
Chase Audige,-69
Reece Brooks,-70
Cameron Williams,-70
Michael Ou,-70
Thai Segwai,-71
Jorden Kite,-71
Mark Laros,-72
Vittorio Reynoso-Avila,-72
Sam Horton,-72
Chris Barnes,-72
Binghamton ,-72
Logan Ryan,-72
Kentucky ,-72
Stanford ,-72
CSU Fullerton ,-72
Saint Mary's ,-72
Abilene Christian ,-72
Colorado State ,-72
SIU-Edwardsville ,-72
Dante Scott,-72
UTEP ,-72
Luka Kraljevic,-72
Jordan Henderson,-72
Drake ,-72
Kyle Brown,-72
Tahirou Diabate,-72
Stephen F. Austin ,-72
Maxwell Starwood,-72
Payton Hudson,-72
Jahlil Rawley,-72
Evansville ,-72
SE Louisiana ,-72
McNeese ,-72
Army ,-72
Ramiir Dixon-Conover,-73
Brandon Jackson,-73
Jalen Perry,-73
Obadiah Noel,-74
De'Avion Washington,-74
Sagaba Konate,-75
Ceasar DeJesus,-75
Omar El-Sheikh,-75
Bruno Skokna,-75
Derrick Flowers,-76
Kenton Eskridge,-77
Kameron Hankerson,-77
Viont'e Daniels,-78
Amari Hamilton,-78
Maxwell Evans,-79
Montell McRae,-79
D.J. Foreman,-79
Patrick Harding,-80
Bubba Furlong,-80
Mitch Lightfoot,-80
George Blagojevic,-80
Tereke Eckwood,-80
Kenny Jones,-80
T.J. Atwood,-80
Xavier Bryant,-81
Develle Phillips,-81
Armani Chaney,-81
Ibn Williams,-82
Evan Cole,-82
Bryce Brown,-82
Keyshawn Bryant,-82
Deng Geu,-82
Matt Hein,-83
Tyson Ward,-83
Kierell Green,-84
Sean Mobley,-84
Tristen Wallace,-84
Caleb Bennett,-84
Garrett Golday,-84
Larry Owens,-84
Bobby Arthur-Williams,-84
Stanley Umude,-84
Matt Mooney,-84
Kamron Reaves,-84
Marek Dolezaj,-84
Zach Hankins,-85
Eric Cobb,-85
DeShaw Andrews,-86
Kyonze Chavis,-86
Tyler Plummer,-86
Carter Hendricksen,-86
Taylor McHugh,-86
Malik Marquetti,-86
Grant Riller,-86
Tyson Carter,-87
E'Torrion Wilridge,-87
Billy Wampler,-87
Jamal Hartwell II,-88
Anfernee McLemore,-88
Petr Herman,-89
Scott Hitchon,-89
Austin Wiley,-90
Rodney Hunter,-90
Jake Krafka,-90
Jackson Donahue,-90
Michael Wexler,-90
Brandon Houston,-90
Cassius Smits-Francisco,-90
Darius Henderson,-90
George Papas,-90
Tshiefu Ngalakulondi,-90
Javonte Smart,-91
DeAndre Thomas,-91
Malik Dunbar,-91
Romain Boxus,-91
Mark Gordon,-92
Dylan Osetkowski,-93
KJ Buffen,-93
Taze Moore,-93
Tre'Shawn Thurman,-93
A.J. Hicks,-93
Parrish Hewitt,-94
Mikey Henn,-94
Isaiah Wilkins,-94
Joe Wall,-94
Jacob Kessler,-95
Brandon Robinson,-95
Derek Webster Jr.,-95
Marvin Bragg,-95
Iowa ,-96
Cameron Allen,-96
Isaiah Burnett,-96
The Citadel ,-96
Wofford ,-96
Towson ,-96
UIC ,-96
AJ Sumbry,-96
Kansas State ,-96
St. Bonaventure ,-96
Josh LeBlanc,-96
A.J. Caldwell,-96
Jeremy Hayes,-96
George Mason ,-96
Samuli Nieminen,-97
Nikola Djogo,-97
Matthew McClung,-97
Nick Guadarrama,-97
Quentin Scott,-98
Curtis Jones,-98
Connor Crabtree,-98
Jeffery McClendon,-99
Mayan Kiir,-99
Michael Steadman,-99
Brandon Suggs,-99
Kadeem Smithen,-99
Caden Sanchez,-100
Tai Bibbs,-100
Jare'l Spellman,-100
Robert Franks,-100
Cody Benzel,-101
Devonte Campbell,-101
Amari Haynes,-102
Zach Cameron,-102
Ross Cummings,-102
Maizen Fausett,-103
Elias Harden,-103
Lamar Hamrick,-103
Jazz Johnson,-104
Bolden Brace,-104
Dima Zdor,-104
Collin Smith,-104
Jemarl Baker Jr.,-105
John Grant Jr.,-105
Remu Raitanen,-105
Melik Martin,-105
Jaizec Lottie,-105
Alex Hunter,-105
Canaan Bartley,-106
Isaiah Rollins,-106
Serrel Smith Jr.,-107
Northeastern ,-108
Corry Long,-108
Erik Johansson,-108
Fatodd Lewis,-108
Houston Baptist ,-108
Nebraska ,-108
Boise State ,-108
Wake Forest ,-108
Chuck Hannah,-108
Georgetown ,-108
Gardner-Webb ,-108
Rob Whitfield,-108
Memphis ,-108
Ethan Chargois,-109
Paris Austin,-109
Karolis Kundrotas,-110
Yannis Mendy,-110
Leon Daniels,-110
Kenny Pittman Jr.,-110
Robert Allen,-110
DeAnthony McCallum,-110
John Harrar,-111
Wes Slajchert,-111
Tommy Rutherford,-112
Anselm Uzuegbunem,-112
Michael Diggins,-112
Brian Rodriguez-Flores,-112
Kyle Young,-112
Myles Franklin,-112
Ron Harper Jr.,-112
Khaleem Bennett,-113
Kabir Mohammed,-113
Matt Chastain,-113
Brendon Brooks,-113
Trent Frazier,-113
Brian Coffey II,-114
Savion Flagg,-114
Drew Friberg,-114
Alex Reed,-114
Rashann London,-114
Sandy Cohen III,-114
Aleer Leek,-115
Kaiden Rice,-115
Brandon Gilbeck,-115
Jr. Raymond Bethea,-115
Joseph Battle,-116
Edward Hardt,-116
Tyrell Harper,-117
Dwayne Sutton,-117
Brandon Wright,-118
Menno Dijkstra,-119
missed Layup.,-120
Valparaiso ,-120
Nana Akenten,-120
Unique McLean,-120
David Singleton,-120
Adam Seiko,-120
West Virginia ,-120
Kevarrius Hayes,-120
Caleb Hollander,-120
Malik Metoyer,-121
Russell Daniels,-121
Kevin McNeal,-121
Da'Monte Williams,-121
Christian Cunningham,-121
Drue Drinnon,-121
Treavon Martin,-122
Samuel Chaput,-122
Malik Crowfield,-122
Osi Nwachukwu,-122
Romeo Crouch,-122
Dejan Vasiljevic,-122
Evan Battey,-122
Houston ,-123
Lamont West,-123
Corey Kispert,-123
Sam Iorio,-124
Darius McGhee,-124
Zach Jackson,-125
Troy Baxter Jr.,-126
Geo Baker,-126
Jailen Gill,-128
David Pekarek,-128
Aguek Arop,-128
Pedro Castro,-129
Cassius Winston,-129
Kory Holden,-129
J.J. Matthews,-130
Elston Jones,-130
Raine McKeython,-131
Aaron Wiggins,-131
Deshon Parker,-131
Tanner Johnson,-131
Alize Travis,-132
Dana Tate,-132
Taj Benning,-132
Sean Flood,-132
Dani Koljanin,-133
Kendall Stafford,-134
Exavian Christon,-135
Nevin Zink,-135
Rob Howard Jr.,-135
Cheikh Diallo,-135
Chris Lester,-135
Jordan Griffin,-135
Willy Isiani,-136
Marcus Hammond,-136
Finn Sullivan,-136
Glenn Morison,-138
Luke Loehr,-138
Marcus Santos-Silva,-138
Tavin Lovan,-138
Lamar Morgan,-138
Aaron Calixte,-138
Armani Branch,-138
Johnnie Vassar,-138
Ryan Jones,-139
Oumar Barry,-139
Johnny McCants,-139
Bourama Sidibe,-140
Daniel Regis,-140
Jr. Ed Polite,-141
Federico Poser,-141
Damarion Geter,-141
Antwann Jones,-141
Anthony Duruji,-141
Ahmed Ismail,-142
Kajon Brown,-142
Foster Loyer,-143
Kevin Samuel,-143
Jarvis Doles,-143
Luke Loewe,-143
Kai Edwards,-143
LSU ,-144
Saint Louis ,-144
UMKC ,-144
Eastern Michigan ,-144
Raiquan Gray,-144
South Carolina ,-144
North Carolina A&T ,-144
UC Santa Barbara ,-144
South Alabama ,-144
DeRias Johnson,-144
Joel Davis,-144
Crew Ainge,-144
Shaq Carter,-144
Jaylen Butz,-144
John Jones,-144
Texas State ,-144
Koby Thomas,-145
Philip Whittington,-147
Spencer Freedman,-147
Collin Welp,-147
Ty Jones,-147
Duncan LeXander,-147
Sam Kearns,-148
Nathan Priddy,-148
Sunday Okeke,-150
Austin Richie,-150
Damani Applewhite,-150
Crisshawn Clark,-150
Brady Ernst,-150
Celio Araujo,-150
Myles Johnson,-150
Jamall Gregory,-150
Devon Dotson,-150
Tim Finke,-152
Vinnie Shahid,-152
Ryan Burkhardt,-153
Xavier Tillman,-153
Devin Hutchinson,-153
Greg Kuakumensah,-153
Emmitt Williams,-153
Timmy Rose,-154
Rickey Holden,-154
Chier Maker,-155
St. John's ,-156
Justin Turner,-156
Isaac Gassman,-156
Nikola Maric,-156
Jacksonville ,-156
DJ Laster,-156
Connor Harding,-156
Calvin Poulina,-157
Darius Williams,-157
Kevin McAdoo,-157
Gavin Baxter,-158
Mason Peatling,-158
Rosel Hurley,-159
Everson Davis,-159
Jahmal McMurray,-159
Udoka Azubuike,-160
David McCormack,-160
MJ Randolph,-160
Dayon Griffin,-161
Frankie Hughes,-161
Shelton Mitchell,-161
Kaleb Wesson,-161
Adam Webb,-162
Adam Sledd,-162
David Bottenberg,-162
Terrell Lewis,-162
Utah Valley ,-162
Buffalo ,-162
Navy ,-162
Julian Walters,-162
New Hampshire ,-162
Xavier Smith,-162
Myles Birgans,-162
Louie Pillari,-162
Caleb Nero,-162
Herb McGee,-163
Jordan Burns,-164
Bryan Assie,-165
Dikymbe Martin,-165
Anthony Polite,-166
Nick Rakocevic,-166
Milos Supica,-166
Kobe Wilson,-167
Jeffrey Uju,-168
North Alabama ,-168
Loyola Marymount ,-168
Breki Gylfason,-168
Charles Henderson Jr.,-168
James Akinjo,-168
CJ Elleby,-168
Connor Niego,-169
Ronnie Harrell Jr.,-170
Aaron Robinson,-170
Haanif Cheatham,-171
Clayton Henry,-171
Jaxson Hayes,-171
Luuk van Bree,-172
Corey Davis Jr.,-172
Larry Robinson III,-173
Eddie Stansberry,-174
Xavier Green,-174
Charles Bassey,-174
A.J. Reeves,-174
Charles Falden,-175
Jason Wade,-175
Dion Wiley,-176
Elijah Joiner,-176
Cormac Ryan,-176
Jules Bernard,-177
Tyson Smith,-177
Sergio El Darwich,-177
Goanar Mar,-177
Wil Sessoms,-178
Ethan Esposito,-178
Maurice Dunlap,-178
Blake Reynolds,-179
Marcus Dickinson,-179
Nic Thomas,-179
Stony Brook ,-180
Reilly Walsh,-180
Jacksonville State ,-180
South Dakota ,-180
Norfolk State ,-180
Leaky Black,-180
DaJion Henderson,-180
James Madison ,-180
Hampton ,-180
Youngstown State ,-180
Savannah State ,-180
Raul Frias,-180
Terance Mann,-180
Connor Murrell,-180
Jarrey Foster,-180
North Florida ,-180
Tyus Battle,-180
Jamarius Burton,-181
Khy Kabellis,-181
Jakub Mijakowski,-181
Greg King,-181
Teshaun Hightower,-181
Anthony Lamb,-182
Brandon Horvath,-182
Shawn Jones,-183
Steffon Mitchell,-183
Raynere Thornton,-183
Ferontay Banks,-184
Michael Laster,-184
Matt Milon,-185
Sage Tolbert,-185
Amari Goulbourne,-186
Pape Diop,-186
Francisco Amiel,-187
Jeameril Wilson,-187
Danny Ogele,-188
Bryce Hamilton,-188
William Boyer-Richard,-188
Hassani Gravett,-188
Dimitrije Spasojevic,-188
Drew McDonald,-188
Jonathan Scott,-188
Carlos Dotson,-188
Kamil Chapman,-189
Isaiah Banks,-189
Antonio Gillespie,-189
Osasumwen Osaghae,-189
missed Free Throw.,-190
Joshua Howard,-190
Dazon Ingram,-190
Paul Thomas,-190
Justin Smith,-190
Jonathan Kasibabu,-190
Gerald Blackshear Jr.,-191
Talen Horton-Tucker,-191
Henrik Jadersten,-191
Peyton Broughton,-192
Hartford ,-192
Cornell ,-192
Northern Kentucky ,-192
Jeremiah Usiosefe,-192
Marquell Carter,-193
Devin Liggeons,-193
Charles Williams,-193
Carsen Edwards,-194
Khameron Davis,-195
John Newman III,-195
Matt DeWolf,-197
Wabissa Bede,-197
Terry Taylor,-197
Michael Mayhew,-197
Shaun Doss,-197
Jeremiah Tilmon,-197
Jordan Lathon,-197
Rob Marberry,-198
Jason Carter,-198
Dontae Caldwell,-199
Tomas Murphy,-199
Isaiah Lamb,-199
Dave Bell,-200
Chris Lewis,-200
Zac Seljaas,-200
Spencer Rodgers,-201
Andrew Brown,-201
Dwight Wilson,-202
Kasheem Thomas,-202
Malcolm Regisford,-203
Justin McCall,-203
Alfred Hollins,-203
LIU Brooklyn ,-204
Northern Illinois ,-204
Siena ,-204
Manhattan ,-204
Raasean Davis,-204
Carte'Are Gordon,-204
Luke McDonnell,-205
Josh Thompson,-205
Jordan Tyson,-206
Thomas Smallwood,-207
Justice Kithcart,-207
Chauncey Hawkins,-207
Jahlin Smith,-208
Daivien Williamson,-208
Jamari Blackmon,-208
Anthony Adger,-208
Evan Wieck,-209
Job Alexander,-209
Keith Charleston,-210
Rod Brown,-210
John Walker III,-210
Rod Henry-Hayes,-210
Milos Jovic,-211
Isaiah Moll,-211
Paul Jorgensen,-211
Dondre Duffus,-212
Delshon Strickland,-213
Evan Hall,-213
Jared Ridder,-214
Alex Reese,-214
L.J. Owens,-214
Conner Toolson,-215
Xzavier Malone-Key,-215
Radford ,-216
Creighton ,-216
Milwaukee ,-216
Samford ,-216
Branden Johnson,-216
Charleston ,-216
Maryland ,-216
Colgate ,-216
Anthony Longpre,-216
Jalyn Clark,-216
Coppin State ,-216
UNC Wilmington ,-216
Josh Perkins,-216
Riley Grigsby,-217
Sam Bittner,-217
Keith Matthews,-217
Zachary Simmons,-217
Shakwon Barrett,-217
Luidgy Laporal,-218
Gabriel Gyamfi,-218
Theo Akwuba,-218
R.J. Smith,-218
Myreon Jones,-218
Aaren Edmead,-218
Clayton Custer,-219
Phil Cofer,-220
Jase Townsend,-220
Boubacar Toure,-220
Tyrell Gumbs-Frater,-220
Courtney Ramey,-220
Shaquille Doorson,-220
Troymain Crosby,-221
Chuma Okeke,-221
Brailen Neely,-222
Blake Paul,-222
Emmitt Matthews Jr.,-222
Jerry Higgins III,-222
Ahmed Ali,-222
Ron Freeman,-223
Fred Thatch Jr.,-224
San Antonio Brinson,-225
Christian David,-225
Josh Decker,-225
Greg Bowie II,-225
Jeremy Combs,-226
Jarrell Brantley,-226
Adam Pickett,-227
Michael Bibby,-228
Trae Berhow,-228
Trey Phills,-228
Presbyterian ,-228
Theo John,-229
Malik Benlevi,-229
Lance Tejada,-229
Bryce Daley,-229
John Mooney,-229
Tariq Silver,-232
Noah Baumann,-232
Isaiah Mucius,-232
Moses Brown,-234
Mitch Peterson,-234
Ajani Kennedy,-234
Zach Haney,-235
Arnaldo Toro,-236
Greg Summers,-236
Joseph Chartouny,-236
Franklin Porter,-236
Nathan Cayo,-236
Luke Nedrow,-237
KC Ndefo,-238
Antonio Daye Jr.,-238
Stafford Trueheart,-239
Tevin King,-239
Julius van Sauers,-239
Elhadji Dieng,-240
Missouri ,-240
CSU Northridge ,-240
Green Bay ,-240
Central Connecticut ,-240
Central Arkansas ,-240
Miami (OH) ,-240
California ,-240
Eastern Washington ,-240
Akuwovo Ogheneyole,-240
VCU ,-240
Delaware ,-240
Kamau Stokes,-240
Daniel Akin,-241
Isaiah Maurice,-241
Michael Miller,-241
Jaren Lewis,-242
Riley Voss,-243
Ron Artest III,-243
Curtis Haywood II,-243
Morris Udeze,-243
Harrison Curry,-243
Antonio Rizzuto,-243
Cress Worthy,-244
KJ Simon,-244
KaVaughn Scott,-244
Cameron Carmical,-245
Isaac Taylor,-245
Manny Camper,-245
Jabari McGhee,-245
Elijah Mitrou-Long,-245
Jonathan Andre,-247
Jimond Ivey,-247
Duane Washington Jr.,-248
Ja'Shon Henry,-248
Jamal Smith,-248
Jake Toolson,-248
Marques Sumner,-248
Zaire Mateen,-249
Edwin Jeudy,-249
Blake Hinson,-250
Bronson Kessinger,-250
Travon Bell,-250
Zaynah Robinson,-251
DeAndre Jones,-251
Shyheim Hicks,-252
D.J. Mitchell,-252
Danjel Purifoy,-252
Tanner Rubio,-252
Coastal Carolina ,-252
Garrett Gilkeson,-252
Ebrima Dibba,-252
Joshua Shannon,-252
Kendle Moore,-253
Matej Drgon,-254
Andre Wolford,-254
Duncan Demuth,-255
Jaylen Hoard,-255
Desi Sills,-256
Felipe Haase,-256
Jalen Jordan,-256
Cameron Shelton,-256
Feron Hunt,-258
Mike'L Simms,-258
Zach Chappell,-258
Bryce Washington,-258
Kur Jockuch,-258
Sam Griesel,-259
Brandon Powell,-259
Patrick Good,-259
Jay Nagle,-260
Taveion Hollingsworth,-260
Brandon Hutton,-261
Roydell Brown,-261
Brandon Mahan,-262
Keith Williams,-262
Eugene German,-262
Kamar McKnight,-262
Evan Fitzner,-263
Shavar Reynolds,-263
Trevian Bell,-264
Lat Mayen,-264
Aamahne Santos,-264
Lucas Siewert,-264
Carlos Johnson,-264
Matt Mitchell,-265
Charles Minlend,-265
TJ Shorts II,-265
Taevion Kinsey,-266
Trey Porter,-266
Craig Randall II,-267
Jaylen Nowell,-267
Joshua Hamilton,-268
Deng Riak,-269
C.J. Bryce,-269
Doug Taylor,-270
Elochukwu Eze,-270
Jake Wolfe,-270
Jimmy Ratliff,-270
Randall West,-270
John Konchar,-270
Josh McFolley,-271
Shareef Smith,-271
Lamontray Harris,-271
Jordan Heading,-272
Carlos Jurgens,-273
Daniel Gafford,-273
Nelson Phillips,-273
Tyree Pickron,-274
Kawanise Wilkins,-274
Jake Wojcik,-274
Deondre Burns,-275
Tommy Burton,-275
PJ Savoy,-276
Sam Miller,-276
Bradley ,-276
Harvard ,-276
Justin Robinson,-276
Sheriff Drammeh,-277
Ayo Dosunmu,-277
Wajid Aminu,-277
Garrett Sams,-277
Chuba Ohams,-279
Lasani Johnson,-279
JayQuan McCloud,-279
Djery Baptiste,-280
Reed Nikko,-280
Luke Worthington,-280
Jairus Hamilton,-280
Shawn O'Connell,-280
Jamari Wheeler,-282
Conner Avants,-282
Antoine Smith Jr.,-283
Keyontae Johnson,-283
Daniel Utomi,-284
Kris Martin,-284
Sid Tomes,-284
Rich Kelly,-287
Billy Brown,-288
Northern Iowa ,-288
South Carolina State ,-288
Temple ,-288
TCU ,-288
Monmouth ,-288
Nate Hinton,-288
Indiana ,-288
Rhode Island ,-288
New Mexico State ,-288
Michigan ,-288
Isaiah Burke,-288
Javin DeLaurier,-290
Logan Johnson,-291
Oddyst Walker,-291
Jarrod West,-291
Devon Andrews,-291
Alex Floresca,-292
Tyren Harrison,-293
De'Ron Davis,-293
Saleik Edwards,-294
Camren Wynter,-294
Seth Dugan,-294
Brandon Clarke,-294
Joey Calcaterra,-295
Mohamed Bendary,-295
J.T. Escobar,-295
Khari Jabriel Allen,-296
Tobias Sjoberg,-297
Seneca Knight,-298
Notre Dame ,-300
Christian Rohlehr,-300
Isaiah Wade,-301
Aaron Falzon,-302
Peter Kiss,-302
Tyrone Lyons,-303
Joe Foley,-303
Quinton Thomas,-303
Diogo Brito,-303
Kimbal Mackenzie,-303
Manny Dixon,-304
Christian Vital,-304
Devon Daniels,-304
Jaalam Hill,-304
Desean Murray,-305
Kevon Tucker,-306
Georges Darwiche,-306
Jibri Blount,-306
JoJo Walker,-306
Richard Lee,-306
Filip Rebraca,-306
Cooper Neese,-308
Cody Schwartz,-309
Connor McCaffery,-309
Joel Ntambwe,-309
Kevin Easley,-309
William Tinsley,-309
Karl Nicholas,-310
KeVaughn Allen,-310
Davidson ,-312
Isiah Deas,-312
Chancellor Barnard,-312
Jorden Duffy,-313
Johnny Trueblood,-314
Laquarious Paige,-314
Alex Sokol,-315
Evan Kuhlman,-315
Kenny Goins,-316
David Jenkins,-317
Malik Williams,-318
Patrick Tape,-318
Jake Babic,-319
Riley Norris,-319
Myles Carter,-319
Kashawn Charles,-319
Lucas Williamson,-320
Mfiondu Kabengele,-321
Raymond Bethea Jr.,-321
Jose Alvarado,-321
Matisse Thybulle,-322
Tavian Dunn-Martin,-322
Azar Swain,-322
Tae Hardy,-323
Davon Bolton,-323
Mississippi State ,-324
Madiaw Niang,-324
John Sally Jr.,-324
Keith Braxton,-325
Jeff Thomas,-326
Noah Gurley,-326
Lesley Varner II,-326
Marial Shayok,-327
SaBastian Townes,-327
Sandro Mamukelashvili,-327
Shawndale Jones,-328
Andrija Ristanovic,-329
Brandon Martin,-330
Ricardo Lynch,-331
Chris Herren Jr.,-331
Donatas Kupsas,-332
David DiLeo,-332
Rayshawn Neal,-332
Aanen Moody,-332
Dylan Frye,-333
Greg Calixte,-335
Kipper Nichols,-335
Jackson Rowe,-335
Toledo ,-336
Christian Carlyle,-336
Gonzaga ,-336
Boston College ,-336
Robin Duncan,-336
Mladen Armus,-337
Jelani Simmons,-337
Zach Glotta,-337
Rashawn Fredericks,-338
Lorenzo Phillips,-339
William Jackson II,-339
Jordan Whitehead,-339
Au'Diese Toney,-339
Tyler Williams,-339
Hunter Seacat,-340
Izayah Mauriohooho-Le'afa,-340
Matt Veretto,-340
Lafayette Dorsey,-340
Kareem Brewton Jr.,-341
Sam Sessoms,-341
Jayveous McKinnis,-342
Old Dominion ,-342
Josh Caldwell,-342
Nathan Knight,-342
Matthias Tass,-343
Martins Igbanu,-343
Nigel Ribeiro,-343
Elijah Cuffee,-344
Nick Perkins,-344
Damiyne Durham,-344
Kevin Larkin,-345
Jimmy Sotos,-345
LaTerrance Reed,-346
Christian Gray,-348
Eastern Illinois ,-348
Dennis Tunstall,-348
Greg Lee,-348
Cyril Langevine,-348
Gerron Scissum,-349
Galen Robinson Jr.,-349
James Hawthorne,-351
Zach Braxton,-351
Philip McKenzie,-352
Issa Thiam,-354
Chris Smith,-354
Rogers Printup,-355
Darnell Cowart,-355
Gabe Osabuohien,-356
Nick Ward,-356
Georgie Pacheco-Ortiz,-356
Kelvin Jones,-357
Torico Simmons,-358
Devin Mitchell,-359
Aidan Saunders,-360
Shaquille Walters,-360
Mitar Stanojevic,-360
Warren Washington,-360
UC Irvine ,-360
Trendon Hankerson,-360
Penn State ,-360
Winthrop ,-360
Princeton ,-360
Quinnipiac ,-360
South Florida ,-360
Jaylen Sebree,-360
Florida Atlantic ,-360
Santa Clara ,-360
Fordham ,-360
Kevin Johnson,-362
JD Notae,-362
Cameron Bowles,-363
Javan Johnson,-364
Aher Uguak,-364
Cameron Parker,-364
Tyler Harris,-365
Kyle Allman Jr.,-367
Javon Bess,-367
Femi Olujobi,-368
Michael Hughes,-368
Jabari Rice,-368
Noah Horchler,-369
Isaiah Reese,-370
Wendell Mitchell,-371
Dzmitry Ryuny,-372
Alex Long,-373
Josh Ferguson,-375
Deleon Brown,-375
Lassi Nikkarinen,-376
Connor Cashaw,-376
Spencer Littleson,-377
Lindell Wigginton,-377
Ahmad Gilbert,-378
Dylan Carl,-380
Kason Harrell,-380
Ahmaad Rorie,-380
Yaradyah Evans,-380
Ivan Raut,-380
Ty Groce,-381
Terence Davis,-381
Alessandro Lever,-381
Will Robinson,-382
Miles Wentzien,-382
Kyle Lofton,-383
Reggie Scurry,-384
Colorado ,-384
Duquesne ,-384
Tyree Appleby,-384
David Pierce,-385
Brandon Miller,-385
David Duke,-386
Kouat Noi,-387
Lewis Sullivan,-387
Nate Watson,-387
Marcus Cohen,-388
Deion Lavender,-388
Bryson Mozone,-388
Jared Savage,-389
Oshae Brissett,-389
Nana Opoku,-390
High Point ,-390
Max Rothschild,-392
Justinian Jessup,-393
Efe Odigie,-393
Paul White,-393
Samson Usilo,-394
Quentin Grimes,-395
Cameron Jackson,-395
Gavin Block,-396
Jesse Bunting,-396
Nick Rogers,-396
Rutgers ,-396
Shunn Buchanan,-396
Quentin Millora-Brown,-396
Josh Carlton,-397
Christian Barrett,-398
Christian Hinckson,-398
Mitch Ballock,-398
Jahmel Myers,-399
Karl Gamble,-400
Nate Kennell,-400
Armon Fletcher,-402
Lawson Korita,-402
Michael Nuga,-405
Nelson Kaputo,-405
Armel Potter,-406
George Washington ,-408
Gabe Watson,-409
Benjamin Uloko,-410
Chad Lott,-411
Thomas Allen,-412
Cedric Council,-413
Ar'Mond Davis,-413
Tra'Quan Knight,-413
Erik Stevenson,-413
Rayshawn Miller,-414
Moses Wright,-414
Jamaal King,-414
Saul Phiri,-415
Dedric Lawson,-417
Isaac Copeland Jr.,-418
Ramon Vila,-418
Christian James,-419
Darrian Ringo,-420
Tyree Eady,-420
Xavier Sneed,-422
Tyler Herro,-423
Corey Manigault,-423
Mark Vital,-423
John Carter Jr.,-424
Caleb Homesley,-424
Adrian Delph,-424
Vado Morse,-425
Kevin Holston,-428
Timmy Falls,-428
Jahlil Tripp,-428
Dayton Gumm,-429
Kashaun Hicks,-431
Dejuan Clayton,-431
Devon Baker,-431
Tommy Funk,-431
Kollin Van Horn,-432
UC Davis ,-432
Fairfield ,-432
Seton Hall ,-432
Little Rock ,-432
Christian Bishop,-432
Pennsylvania ,-432
Canisius ,-432
Arkansas State ,-432
Angelo Allegri,-432
Jermaine Samuels,-432
Trip Day,-432
Nick Mayo,-432
Jalon Gates,-434
DJ Houston,-435
Djimon Henson,-435
Tucker Blackwell,-436
Jalen Cobb,-436
Paul Rowley,-437
E.J. Stephens,-438
Davonta Jordan,-439
Devonnte Holland,-440
James Suber,-441
D.J. Myers,-441
Tre Clark,-442
Cheikh Mbacke Diong,-443
Terion Moss,-443
Matt Coleman III,-444
Demetrius Troy,-444
Clayton Hughes,-445
Marcus McClary,-446
Hayden Koval,-446
Jason Preston,-446
Jordan Giles,-447
Isaac Likekele,-447
Colbey Ross,-447
Mike McGuirl,-447
Cody Kelley,-449
Justin Ryder,-450
LJ Thorpe,-450
Matt Weir,-450
Andre Ball,-450
Shane Gatling,-450
Phlandrous Fleming Jr.,-451
Dalton Nixon,-452
Tyler Hooker,-452
Chad Andrews-Fulton,-454
Grantham Gillard,-454
Isaiah Walton,-455
Charles Brown III,-455
Minnesota ,-456
Arkansas ,-456
Ajay Sanders,-456
Dainius Chatkevicius,-457
Onyi Eyisi,-458
Jared Rhoden,-458
Cedric Russell,-459
Jaelan Sanford,-460
Lachlan Anderson,-460
Owen King,-460
Reid Travis,-461
De'Riante Jenkins,-462
Luka Brajkovic,-462
Michael Ertel,-464
Jaylen Stowe,-464
Mark Flagg,-465
Canberk Kus,-467
Alabama ,-468
Wyatt Lohaus,-468
Charlotte ,-468
Naz Reid,-469
Mark Carbone,-469
LaQuincy Rideau,-470
Jaylen Franklin,-471
Elijah Childs,-471
Matthew Herasme,-472
Sincere Carry,-474
Kameron Langley,-474
Markis McDuffie,-474
Remy Martin,-476
Aaron Carver,-477
Justin Bassey,-478
Zach Norvell Jr.,-478
Jaylen McCoy,-479
Augustine Ene,-479
Nathan Moran,-479
Cartier Diarra,-479
Charlie Moore,-479
Brian Thomas,-480
San Diego ,-480
Yauhen Massalski,-482
Quan Jackson,-482
Luther Muhammad,-483
Chaundee Brown,-483
Jaylen McManus,-483
Jomaru Brown,-484
Cam Burrell,-485
Andrew Nembhard,-485
Romello Wilbert,-486
Joe Pleasant,-486
Nolan Narain,-487
Caleb Tanner,-487
Shaqquan Aaron,-488
Dejon Jarreau,-490
Jared Samuelson,-490
Jalen Gibbs,-490
Rui Hachimura,-490
Matt Holba,-491
Noah Frederking,-491
Everett Duncan,-491
Andre Wesson,-491
Brandon McKissic,-491
Anthony Gaines,-491
Alex O'Connell,-492
Sean Lloyd Jr.,-492
Tommy Kuhse,-493
Markquis Nowell,-494
De'Vondre Perry,-494
Leon Redd,-494
Matt Neufeld,-495
John Comeaux,-496
Alex Peacock,-497
Luqman Lundy,-498
Jay Jay Chandler,-498
Chad Bowie,-498
Trey Touchet,-498
Torrence Watson,-500
Cameron Johnson,-500
James Banks III,-501
Washington ,-504
Fairleigh Dickinson ,-504
Idaho ,-504
Kyle Stout,-505
Dominik Olejniczak,-506
Calvin Wishart,-506
Noah Yates,-506
Trey Burch-Manning,-506
C.J. Jackson,-507
Elijah Jordan,-507
Donald Hicks,-507
Freddie Gillespie,-509
Providence ,-510
Shawn Williams,-511
Benjamin Stanley,-512
Anthony Harris,-512
Xavier Pinson,-513
Coby White,-513
Brian White,-514
Garrett Sturtz,-514
Phil Booth,-514
Byron Hawkins,-517
Bruce Stevens,-518
Tucker Richardson,-518
Matt Ryan,-519
D.J. Wilkins,-519
Kyle Clarke,-519
Ja'vonte Smart,-519
Devine Eke,-520
Jonah Radebaugh,-521
Elijah Hughes,-521
Christion Thompson,-524
Abiola Akintola,-525
Maliek White,-525
Daniel Sackey,-526
Collin Gillespie,-526
Keshawn Justice,-527
Illinois ,-528
UCF ,-528
Jerome Desrosiers,-529
Andrew Funk,-530
Tre King,-530
TJ Washington,-530
Ty Rowell,-530
Eli Pemberton,-531
Oscar Kao,-531
Cooper Robb,-532
Eli Cain,-532
Charles Jackson,-533
Darian Bryant,-533
Noah Thomas,-535
David Watkins,-535
Bobby Moorehead,-535
Jagan Mosely,-535
Isaiah Crawley,-535
Nick Honor,-536
Kevin Porter Jr.,-537
Aaron Wheeler,-537
Zach Nutall,-538
Cole Bergan,-538
Cameron Hunter,-539
Florida ,-540
Otis Livingston II,-540
Donel Cathcart III,-541
Quavius Copeland,-541
A.J. Turner,-541
Anthony Cowan Jr.,-543
Isaiah Tisdale,-544
Josh Martin,-544
D.J. Harvey,-546
Jermaine Haley,-547
Brandone Francis,-548
Eden Ewing,-550
James Bolden,-550
Tavon King,-551
Thomas Dziagwa,-551
AJ Harris,-551
Jordan Hunter,-551
Chidi Udengwu,-552
Sidney Wilson,-552
Cameron Gottfried,-552
Rade Kukobat,-552
Jake Stephens,-553
Eli Chuha,-554
John Petty,-554
Ryan Mikesell,-555
Cameron Krutwig,-556
Tyler Sharpe,-556
Jake Silpe,-556
Luke Frampton,-557
Nick Sherod,-558
Ishmael Lane,-558
Antoine Davis,-558
JD Williams,-558
Neemias Queta,-560
Bryce Wills,-560
Samba Diallo,-561
McKinley Wright IV,-561
Obadiah Toppin,-562
Jared Harper,-564
Isaiah Joe,-565
JaKeenan Gant,-565
Temidayo Yussuf,-565
Jamar Akoh,-568
Skylar Mays,-569
Sekou Toure,-570
Richard Caldwell Jr.,-570
Keyshawn Evans,-570
Guglielmo Caruso,-572
Jalen Poyser,-572
Marvin Nesbitt Jr.,-573
Pookie Powell,-573
Saint Peter's ,-576
Antwuan Butler,-576
Romeo Langford,-576
Glenn Sanabria,-577
Pervis Louder,-577
Brent Holcombe,-579
Caleb Green,-579
Matt Morgan,-579
Miles Reynolds,-580
Oliver Powell,-580
Tayler Persons,-580
Trey McGowens,-581
Chad Brown,-582
Mitchell Seraille,-583
A.J. Walker,-583
DJ McDonald,-583
Milik Gantz,-584
Connor Vanover,-584
Brad Davison,-584
Makuach Maluach,-584
Jordan McCabe,-585
David Syfax,-585
Jared Stutzman,-586
Justin Jenifer,-586
Shyquan Gibbs,-586
Elijah Minnie,-586
Deion Bute,-587
V.J. King,-588
Khalil Iverson,-588
Jalen Reeder,-588
Emmanuel Toney,-589
Shawntrez Davis,-589
Dalvin White,-589
Mustapha Heron,-591
Curtis Cobb,-593
Kevin Holland,-594
Adam Thistlewood,-594
Jordan Bone,-597
Kimar Williams,-598
Brandon Alston,-598
Nick Garth,-598
Jonathan Sanks,-601
Randy Miller Jr.,-601
Sam Neumann,-602
David Skara,-602
Thomas Capuano,-603
Malachi Smith,-604
Reggie Gardner Jr.,-605
Amidou Bamba,-607
Eyassu Worku,-608
Marcus Garrett,-611
Brevin Pritzl,-612
Julian Batts,-612
Ian Krishnan,-613
Nygal Russell,-616
Tyler Foster,-616
Kosta Jankovic,-620
Jordan Evans,-622
Marcus Zegarowski,-623
Jordan Caroline,-624
Kaleb Joseph,-625
Trey Drechsel,-625
Michael Wang,-626
Isaiah Still,-627
Jordan Ratinho,-627
Malik Jefferson,-629
Dupree McBrayer,-630
Jonah Mathews,-633
John Carroll,-633
Lagerald Vick,-636
Sarju Patel,-639
Zylan Cheatham,-639
Kavell Bigby-Williams,-639
Traci Carter,-640
Kellan Grady,-640
Elyjah Williams,-641
David Beatty,-641
Chris Barton,-642
Justin Miller,-642
Skyler Flatten,-643
Ignas Brazdeikis,-644
Isiaha Mike,-644
Shawn Occeus,-645
Myles Smith,-645
Will Rayman,-646
Columbia ,-648
Bryant ,-648
Xavier Bishop,-648
Darius McNeill,-649
Loren Cristian Jackson,-649
Ade Murkey,-649
Kameron Edwards,-652
JaShaun Smith,-652
Samir Stewart,-653
Dallas Polk-Hilliard,-653
Umoja Gibson,-654
Dominic Robb,-654
Jeremiah Jefferson,-655
Terry Nolan Jr.,-656
Kyvon Davenport,-656
Noah Kirkwood,-657
Bryce Fowler,-659
Robert Cartwright,-661
Francis Alonso,-662
Christen Cunningham,-662
Aidas Kavaliauskas,-664
Ryghe Lyons,-666
Stefan Gonzalez,-666
Isaiah Moss,-666
Ryan Woolridge,-666
K.J. Davis,-667
JaQuori McLaughlin,-668
Amir Coffey,-668
Gregory Jones-Rollins,-670
Guilien Smith,-670
Austin Williams,-670
Austen Awosika,-671
Jason Burnell,-671
KZ Okpala,-671
Sacar Anim,-673
Makai Ashton-Langford,-676
Zafir Williams,-676
Carlos Hines,-676
Cameron Wilbon,-678
Curtis Holland III,-680
Balint Mocsan,-681
Stef Smith,-683
Josh Nzeakor,-684
Luke Knapke,-690
Chris Howell,-691
Torin Dorn,-691
Andre Kennedy,-693
Andrew Garcia,-694
Jon Davis,-696
Janai Raynor-Powell,-702
Nick Allen,-704
Marvin Cannon,-706
Tyrese Martin,-706
Dennis Jones,-711
Derrien King,-711
Marvin Clark II,-712
Warren Williams,-712
missed Three Point Jumper.,-712
Dameane Douglas,-714
Michael Littlejohn,-714
Ben Nakwaasah,-715
Robert Montgomery,-718
Adam Saeed,-720
Marquise Pointer,-721
Amadou Sow,-724
Malik Moore,-725
Jayvon Graves,-726
Cody Graham,-728
Obi Okolie,-728
Vonte Ott,-732
David Collins,-732
Abdoulaye Gueye,-737
Derryck Thornton,-737
Donovann Toatley,-739
Pat Dembley,-739
Mac McClung,-742
Oklahoma State ,-744
Cameron Oluyitan,-744
Jase Febres,-746
Delante Jones,-746
Maceo Jack,-748
Justin Forrest,-748
RJ Cole,-749
Ahmed Hill,-751
Antwon Lillard,-751
Cortez Seales,-751
Zach Sellers,-752
B.J. Miller,-755
Alex King,-755
Brian Beard Jr.,-756
Ty Gibson,-758
Jack White,-758
J.D. Paige,-758
Braxton Beverly,-759
Ilija Stojiljkovic,-759
Ahmad Clark,-763
Isaiah Washington,-765
Malik Martin,-765
Steven Enoch,-767
Damion Rosser,-767
Darryl Morsell,-772
Rob Shaw,-773
Darius Quisenberry,-773
C.J. Jones,-774
Salif Boudie,-778
Myles Dread,-779
Dallas Watson,-781
Myles Cale,-781
Quinn Taylor,-782
missed Jumper.,-783
Morgan Means,-787
Kai Toews,-787
Reginald Gee,-788
Joe Rosga,-788
Michael Buckland,-789
Myles Stephens,-789
Kobe Webster,-789
De'jon Davis,-790
Jalyn Hinton,-790
Derrick Alston,-791
Holy Cross ,-792
James Beck,-794
Hunter Thompson,-796
Troy Green,-800
Jade' Smith,-802
Desmond Cambridge,-805
Jordan Jackson,-807
Omar Habwe,-810
Marcus Evans,-813
Jack Perry,-814
Holland Woods,-815
Noah Dickerson,-815
Alex Hobbs,-815
Patrick Benzan,-819
Naz Bohannon,-820
Elijah Olaniyi,-821
JC Younger,-821
Koreem Ozier,-823
Michael Weathers,-823
Xavier Johnson,-825
Mastadi Pitt,-825
Jr Eric Jamison,-828
Teyvion Kirk,-828
Carlton Bragg,-831
Josip Vrankic,-832
Gabe McGlothan,-833
Devontae Cacok,-833
Damian Chong Qui,-837
Ian Boyd,-839
Spencer Haldeman,-840
Tyler Hall,-841
Jarren Greenwood,-841
Devin Watson,-842
Jordan Blount,-842
Jahvon Blair,-843
Zion Williamson,-844
Mason Riggins,-844
JD Miller,-845
Joe Hugley,-846
Shanquan Hemphill,-849
Abdul Lewis,-855
Seth Millner,-856
Isaiah White,-859
Anthony Murphy,-861
Zacarry Douglas,-862
Yoeli Childs,-865
Josh Cunningham,-866
Jakigh Dottin,-866
Ryan Cline,-870
Samuel Idowu,-870
Brandon Childress,-873
Aaron Nesmith,-876
Jordan Fox,-876
Jon Elmore,-878
Dallas Morgan,-879
Vance Jackson,-879
Justin Coleman,-880
Justin Mazzulla,-882
Michael Oguine,-882
Marque Maultsby,-883
Nico Carvacho,-884
Mack Smith,-885
Mark Hughes,-886
Clay Mounce,-887
Davids Atelbauers,-888
Rondale Watson,-889
Christian Agnew,-895
Terrance McBride,-903
Darius Roy,-904
Jordan Chatman,-905
Chase Harler,-911
Sam Norton,-914
Sayeed Pridgett,-915
Eric Carter,-916
Vasa Pusica,-919
Rodrick Sikes,-919
Jacob Grandison,-921
Josh Delaney,-926
Lamonte Bearden,-929
Wali Parks,-932
Sharone Wright Jr.,-933
Phil Fayne,-933
Derrik Smits,-935
Justin Brown,-936
Jordan Goodwin,-936
Derek Hawthorne Jr.,-937
D'Shawn Schwartz,-937
Ty Hudson,-938
Tyreese Davis,-943
Sidy N'Dir,-945
Courtney Alexander II,-945
Arkel Lamar,-945
Tajuan Agee,-947
Donovan Fields,-948
James Towns,-950
David Wacker,-951
Djordje Dimitrijevic,-964
Jordan Roland,-965
Dominick Welch,-970
Paul Scruggs,-970
Johquin Wiley,-971
KiShawn Pritchett,-974
Kienan Walter,-976
Zach Copeland,-979
Kevin Hunt,-983
Devante Jones,-984
Nakye Sanders,-986
Christian Ellis,-987
Jaevin Cumberland,-987
Tray Boyd III,-987
Jeromy Rodriguez,-994
Dimencio Vaughn,-996
Jalen Crutcher,-999
JT Gibson,-1000
Xavier Hill-Mais,-1000
Josh Reaves,-1002
PJ Washington,-1005
Armoni Brooks,-1005
Justin Pierce,-1005
Jordan Murphy,-1006
Aleksandar Dozic,-1011
Jack Ferguson,-1012
Trent Harris,-1012
Steven Santa Ana,-1013
Jacob Rigoni,-1015
Ryan Funk,-1017
Grant Weatherford,-1019
Trey Landers,-1023
Kevin Little,-1024
Adrio Bailey,-1025
Cameron Healy,-1026
Nate Renfro,-1026
Javante McCoy,-1027
Tyler Cheese,-1030
Deniz Celen,-1034
Jared Wilson-Frame,-1036
Jordan Nwora,-1039
Antonio Woods,-1045
Ty Jerome,-1048
Brandon Armstrong,-1050
Garrett Covington,-1053
Tobias Howard,-1054
Cody Riley,-1054
Ashtin Chastain,-1055
Kyle Zunic,-1055
Tre Gray,-1056
Alihan Demir,-1056
Matthew Mondesir,-1062
Simeon Lepichev,-1062
Kevon Harris,-1068
Louis King,-1070
Christiaan Jones,-1073
Jessie Govan,-1079
Cody John,-1082
Jordan Bowden,-1090
Kerwin Roach II,-1090
Kyson Rawls,-1094
Antonio Green,-1095
Brandonn Kamga,-1095
Jaylen Minnett,-1098
Ed Polite Jr.,-1100
Miye Oni,-1100
Chuck Champion,-1102
Kendric Davis,-1103
D.J. McCall,-1105
Tre Wood,-1117
Malik Ellison,-1125
Caleb Martin,-1126
Jordan Walker,-1128
Alex Lomax,-1129
Tyree Griffin,-1130
Giovanni De Nicolao,-1132
Lamine Diane,-1133
Malik Johnson,-1133
Fatts Russell,-1135
Bryce Barnes,-1141
Onno Steger,-1142
Jordan Reed,-1144
Jeff Dowtin,-1145
Bruce Moore,-1146
Esa Ahmad,-1150
Chris Lykes,-1152
Ricky Madison,-1152
Tykei Greene,-1153
Malik Petteway,-1156
Ben Harvey,-1160
J.R. Lynch,-1164
TJ Gibbs,-1172
Antwon Portley,-1172
Demajeo Wiggins,-1172
Quincy McKnight,-1175
Mike Watkins,-1178
Bo Hodges,-1178
Montez Mathis,-1180
Nick Weiler-Babb,-1180
Seth LeDay,-1181
Isaac Fleming,-1184
Jacob Davison,-1187
James Batemon,-1188
Vincent Eze,-1191
Ruben Guerrero,-1197
Sterling Taplin,-1198
King McClure,-1202
Ky Bowman,-1206
Zach Johnson,-1208
David Azore,-1209
Trhae Mitchell,-1209
Dantez Walton,-1210
Stephen O'Suji,-1212
Marquis Eaton,-1219
Devonte Patterson,-1219
Neftali Alvarez,-1222
Alex Robinson,-1224
Ivan Gandia-Rosa,-1225
Nickeil Alexander-Walker,-1227
Christian Lutete,-1227
TJ Starks,-1230
Jayden Gardner,-1234
Jayce Johnson,-1238
Mike Kolawole,-1244
Tyler Peterson,-1245
Trey Moses,-1252
Jarron Cumberland,-1253
Kenny Cooper,-1253
Jehyve Floyd,-1258
Von Julien,-1258
Christian Keeling,-1258
Devearl Ramsey,-1259
Steve Harris,-1266
DJ Williams,-1275
Aljami Durham,-1277
Jordan Lyons,-1277
Ryan Swan,-1280
Marques Townes,-1281
Juwan Morgan,-1287
Jared Rodriguez,-1287
Kyle Mallers,-1300
Breein Tyree,-1302
Naji Marshall,-1306
Jose Perez,-1307
Joshua Langford,-1319
Tremell Murphy,-1321
Davon Bell,-1330
Eric Paschall,-1331
V.J. Holmes,-1334
Godwin Boahen,-1335
C.J. Duff,-1336
Barry Brown Jr.,-1343
Bakari Evelyn,-1348
Tahj Eaddy,-1353
Siler Schneider,-1354
Kris Bankston,-1356
Anthony Lawrence II,-1356
Ty Dalton,-1360
Evan Gilyard,-1362
Donnell Gresham Jr.,-1368
Braden Norris,-1391
Frederick Scott,-1394
Evan Fisher,-1395
Jacob Gilyard,-1400
Devontae Shuler,-1406
Quinndary Weatherspoon,-1408
Romone Saunders,-1411
Davion Mintz,-1413
Amauri Hardy,-1415
Jashaun Agosto,-1419
Eric McGill,-1420
Josh Williams,-1422
Tramaine Isabell Jr.,-1422
Quentin Goodin,-1423
Joe Sherburne,-1427
Andrew Fleming,-1427
Braxton Bonds,-1433
Drew Buggs,-1433
Mark Gasperini,-1436
Prentiss Hubb,-1437
Amorie Archibald,-1442
E.J. Crawford,-1443
Jaelin Llewellyn,-1447
Paul Jackson,-1451
D'Marcus Simonds,-1463
Mike Holloway Jr.,-1469
Brandon Boyd,-1474
Edric Dennis,-1482
Isaac Johnson,-1484
Rasir Bolton,-1485
Justin Simon,-1486
Chris Knight,-1493
Ivy Smith Jr.,-1495
R.J. Eytle-Rock,-1499
Kendall Small,-1510
Chris Mullins,-1515
Saben Lee,-1531
Martez Cameron,-1536
Loudon Love,-1539
Jr. Clay,-1552
Davauhnte Turner,-1552
Jaheam Cornwall,-1559
David-Lee Jones Jr,-1569
Kevin Anderson,-1588
Ledarrius Brewer,-1592
Ray Salnave,-1594
Trey Wertz,-1599
Malik Fitts,-1603
Jalen Avery,-1605
Lamar Peters,-1616
Tyresse Williford,-1636
Nate Reuvers,-1642
Javon Pickett,-1644
Josh Davis,-1649
Matty McConnell,-1662
Ryan Taylor,-1666
Turnover.,-1680
Gabe Stefanini,-1687
Jalen Pickett,-1688
Jimmy Boeheim,-1694
Jalen Harris,-1701
Kira Lewis Jr.,-1705
Josh Ajayi,-1711
Grayson Murphy,-1716
Luwane Pipkins,-1722
DaQuan Bracey,-1732
Steven Whitley,-1741
Tre'Larenz Nottingham,-1765
Rashaan Holloway,-1772
Marcus Weathers,-1778
Tookie Brown,-1783
Ahmad Caver,-1792
Alpha Diallo,-1794
Marcus Ottey,-1818
Devin Morgan,-1820
Max Strus,-1838
Darius Brown II,-1843
Tyler Kidd,-1868
Sa'eed Nelson,-1868
Bubba Parham,-1907
Milik Yarbrough,-1908
Camron Justice,-1909
Kelvin Robinson,-1911
Trevon Allen,-1922
Jordan Cornish,-1955
Stephen Thompson Jr.,-1961
Jaylen Shead,-1964
Tyler Cook,-1981
Stevie Jordan,-2035
Jaron Cornish,-2086
Brian Fobbs,-2103
Takal Molson,-2130
Tremont Waters,-2148
Terrell Brown,-2149
Ethan Happ,-2157
Zac Cuthbertson,-2172
Brendan Barry,-2190
Javon Levi,-2199
Payton Pritchard,-2231
Alexis Yetna,-2251
Nike Sibande,-2266
Derek Culver,-2271
Marvin Prochet,-2276
Devon Goodman,-2283
Brian Parker,-2300
Ryan Allen,-2309
Jarkel Joiner,-2328
Raiquan Clark,-2362
Michael Flowers,-2365
Lamarr Kimble,-2376
Milan Acquaah,-2398
Luguentz Dort,-2427
B.J. Stith,-2483
Markus Howard,-2505
Quinton Adlesh,-2565
Marlon Stewart,-2636
K.J. Jackson,-2685
Josh Sharkey,-2768
RJ Barrett,-2846
Larry Austin Jr.,-2886
Zack Bryant,-2925
Stanley Davis,-2926
AJ Brodeur,-3074
Jordan Davis,-3211
Lamar Stevens,-4283
